{"type":"FeatureCollection","attribution":"Boundaries: geoBoundaries (gbOpen), www.geoboundaries.org; \u00a9 OpenStreetMap contributors, ODbL 1.0","license":"ODbL 1.0 (derived from ODbL sources)","sources":[{"iso":"MYS","level":"ADM1","license":"Open Data Commons Open Database License 1.0","source":"OpenStreetMap, Wambacher","year":"2017"},{"iso":"IDN","level":"ADM1","license":"Open Data Commons Open Database License 1.0","source":"OpenStreetMap, Wambacher","year":"2017"},{"iso":"BRN","level":"ADM1","license":"Public Domain","source":"geoBoundaries, Wikimedia Commons; credit to user 'Tachymetre'","year":"2011"}],"buffer_deg":0.05,"features":[{"type":"Feature","properties":{"country_code":"BN","admin1":"Belait"},"geometry":{"type":"Polygon","coordinates":[[[114.52339396700006,4.708672970000066],[114.52011915000003,4.689789505000022],[114.53123013600009,4.663678195000045],[114.57071799700009,4.628859176000049],[114.56980426500002,4.604450598000028],[114.58405849100006,4.596253499000056],[114.594109548,4.558545633000051],[114.60434335100001,4.559638643000028],[114.62407997200012,4.533770305000075],[114.63796870500005,4.530308978000051],[114.63817500900007,4.50867815700002],[114.66895994000004,4.500672114000054],[114.68502164300003,4.475763860000029],[114.687252435,4.456192494000049],[114.70152950400006,4.456192494000049],[114.75328388100002,4.372563545000048],[114.76577631700002,4.357883027000071],[114.77246869300006,4.363221430000067],[114.79789972300011,4.335194391000073],[114.80459209900005,4.316509120000035],[114.83136160400011,4.321847816000059],[114.84206940600006,4.312949969000044],[114.8536695250001,4.31873358100006],[114.83805398000004,4.285365981000041],[114.81306910900003,4.259115778000023],[114.8202076440001,4.251107063000063],[114.85590031700008,4.278692286000023],[114.845192515,4.240428647000044],[114.79700740600003,4.174130192000064],[114.79745356400008,4.155441022000048],[114.80325362400004,4.161670794000031],[114.80905368300012,4.154106064000075],[114.79477661400006,4.127406436000058],[114.77960722800003,4.121176394000031],[114.69885255400004,4.024604538000062],[114.63683653300006,4.002351325000063],[114.61006702800012,4.004576673000031],[114.62612873100011,4.018373699000051],[114.61586708800007,4.039291326000068],[114.60828239500006,4.046412097000029],[114.58865142400009,4.045967051000048],[114.56902045400011,4.079344848000062],[114.55206643400004,4.080234903000076],[114.55340490900005,4.100705911000034],[114.5440355820001,4.106936113000074],[114.54760485000008,4.122956411000075],[114.51637376000008,4.147431242000039],[114.49986589900004,4.143871313000034],[114.482019562,4.167455539000059],[114.46149627500006,4.215956720000065],[114.45034231400007,4.277802455000028],[114.43472677000011,4.275132958000029],[114.42000354200002,4.255111431000046],[114.4034956800001,4.265789643000062],[114.37047995700004,4.263565028000073],[114.36646453100002,4.255111431000046],[114.34281813500002,4.261340406000045],[114.32452564000005,4.256001287000061],[114.31783326400011,4.264009951000048],[114.3338949670001,4.347650982000062],[114.30667930300001,4.365890618000037],[114.3151563130001,4.392137121000076],[114.31158704600011,4.405482447000054],[114.26206346100003,4.506899044000022],[114.21164756000007,4.534919570000056],[114.19737049100002,4.530027175000043],[114.17149330200004,4.569165403000056],[114.08047698500002,4.583396957000048],[114.22269558500011,4.592450013000075],[114.26901085500003,4.602359436000029],[114.41953548200001,4.653536486000064],[114.52339396700006,4.708672970000066]]]}},{"type":"Feature","properties":{"country_code":"BN","admin1":"Brunei-Muara"},"geometry":{"type":"MultiPolygon","coordinates":[[[[114.79516700200008,4.877441753000028],[114.79307563500004,4.923978211000076],[114.84755407400007,4.96483511200006],[114.94220564400007,5.003760603000046],[115.05446303400004,5.044708695000054],[115.06458811800007,5.037828380000064],[115.09300114300004,5.03939209400005],[115.06670732100008,5.021018213000048],[115.06929745900004,4.98833488300005],[115.06278287000009,5.00068906100006],[115.04111990100012,5.001314583000067],[115.03531171300006,4.994746574000033],[115.04524149400004,4.982627778000051],[115.03872629200009,4.975182657000062],[115.04849909500001,4.971364614000038],[115.02780374800011,4.951510432000021],[115.00365917700003,4.905499897000027],[114.9561365290001,4.872278700000038],[114.93486631100006,4.878770327000041],[114.93402795800012,4.863782210000068],[114.94630384400011,4.851252078000073],[114.94750149100003,4.864677210000025],[114.95528619900006,4.861992205000035],[114.9882215020001,4.894509877000075],[115.00438974200006,4.899879616000021],[115.01786327500008,4.920761525000046],[115.02175562900004,4.917480125000054],[115.0248994530001,4.902247509000063],[114.9885209140001,4.872881326000027],[114.99239455500003,4.855932259000042],[114.97218425500012,4.808271218000073],[114.95803704500008,4.812466866000022],[114.95231079400003,4.803739888000052],[114.93782674600004,4.814480768000067],[114.91509015800011,4.810285132000047],[114.89639563100002,4.81649466500005],[114.8507540380001,4.791320535000068],[114.83424896000008,4.74482987500005],[114.78827052800011,4.728549011000041],[114.77861422700005,4.733272889000034],[114.77773893900007,4.791306091000024],[114.80632096300008,4.85521424500007],[114.79516700200008,4.877441753000028]]],[[[115.04561501,4.89637437500005],[115.05150968100008,4.890668996000045],[115.04578343000003,4.890165578000051],[115.03332041100009,4.882949876000055],[115.04561501,4.89637437500005]]],[[[115.04443607600001,4.903925537000021],[115.0358466990001,4.90157629600003],[115.04780446000007,4.921208987000057],[115.04443607600001,4.903925537000021]]],[[[115.0258156540001,4.931894297000042],[115.02419883000005,4.92813566500007],[115.02484555900003,4.931786908000049],[115.0258156540001,4.931894297000042]]],[[[115.0301271840001,4.948432026000035],[115.02603123000006,4.946391679000044],[115.02894151300006,4.950579753000056],[115.0301271840001,4.948432026000035]]],[[[115.06429606400002,4.981721005000054],[115.05901443900007,4.976244546000032],[115.06149356900005,4.982902196000055],[115.06429606400002,4.981721005000054]]],[[[115.09145870700002,4.994284472000061],[115.07561383200004,5.01887380900007],[115.1174356790001,5.014041916000053],[115.12875344600002,4.994713988000058],[115.09145870700002,4.994284472000061]]],[[[115.09866706900004,5.041292979000048],[115.1376957330001,5.040765228000055],[115.09650371500004,5.037114934000044],[115.09866706900004,5.041292979000048]]]]}},{"type":"Feature","properties":{"country_code":"BN","admin1":"Temburong"},"geometry":{"type":"Polygon","coordinates":[[[115.18330421500002,4.868536390000031],[115.189293539,4.842417390000037],[115.23826505400007,4.803087872000049],[115.229230346,4.756946037000034],[115.26367517000006,4.732185727000058],[115.2439117460001,4.700108554000053],[115.2698865320001,4.686601934000066],[115.25859314600007,4.652834243000029],[115.28174458600006,4.638763892000043],[115.2879559480001,4.625256093000075],[115.28852061700002,4.58923403600005],[115.26819252400003,4.525065253000037],[115.26762785400001,4.507614860000047],[115.27722723200009,4.51211822700003],[115.27892124000005,4.504237316000058],[115.27383921700005,4.441749938000044],[115.30207267900005,4.401214749000076],[115.32296544100006,4.392206629000043],[115.3393408500001,4.373064012000043],[115.34668155000008,4.35110570300003],[115.3634635200001,4.344056387000023],[115.35334464700009,4.319912543000044],[115.32660191100001,4.29829053800006],[115.29407696200008,4.325678307000032],[115.2962452920001,4.339011468000024],[115.28359670100008,4.336849350000023],[115.2778144880001,4.344416737000074],[115.24890342200001,4.33757005700005],[115.246373704,4.360632310000028],[115.23625483100011,4.368559796000056],[115.21276459,4.35702887900004],[115.15132857600008,4.384054186000071],[115.14193248000004,4.37540619400005],[115.12061056900006,4.373244180000029],[115.09061533800002,4.382973192000065],[115.1068778130001,4.414681685000062],[115.0913381150001,4.437381252000023],[115.09857231100011,4.437244855000074],[115.0912776560001,4.443856453000024],[115.0971512750001,4.452734791000069],[115.09753021800009,4.472285648000025],[115.09061450600007,4.475402403000032],[115.09472071000005,4.492332925000028],[115.07922437900004,4.506628619000026],[115.084312726,4.534527468000022],[115.07020412600002,4.556891884000038],[115.06997283800001,4.578333402000055],[115.04198692600005,4.62006182500005],[115.038980175,4.633432845000073],[115.04961944700005,4.649569946000042],[115.0382863100001,4.659021506000045],[115.04684398500001,4.668703459000028],[115.02949734600008,4.70051464900007],[115.0380550210001,4.706046882000066],[115.03458569300005,4.715728184000056],[115.04268079200006,4.717341721000025],[115.03296667400002,4.722412813000062],[115.04406852300008,4.729788882000037],[115.02672188300005,4.734168385000032],[115.02417771000012,4.743157805000067],[115.03134765400011,4.748459203000039],[115.02117095900007,4.747537224000041],[115.031810231,4.753530067000042],[115.04013661800002,4.787872664000076],[115.02209611300009,4.79616994600002],[115.04152434900004,4.794095635000076],[115.05794583400007,4.769894875000034],[115.05447650600001,4.780036250000023],[115.07182314600004,4.777039950000074],[115.04661269700011,4.795478510000066],[115.0456875430001,4.819447893000074],[115.07482989700009,4.839268091000065],[115.10304709700006,4.81760412400007],[115.0903262280001,4.845721053000034],[115.13218945100004,4.860009536000064],[115.12201275600012,4.865310026000031],[115.1053599820001,4.860700907000023],[115.08940107400008,4.869688659000076],[115.08639432300004,4.889737828000023],[115.10119678800004,4.900107852000076],[115.12201275600012,4.89895563500005],[115.13010785400002,4.885589773000049],[115.13496491300009,4.892503183000031],[115.12710110300009,4.902873165000074],[115.14005326000006,4.905177583000068],[115.16156309300004,4.870149566000066],[115.18330421500002,4.868536390000031]]]}},{"type":"Feature","properties":{"country_code":"BN","admin1":"Tutong"},"geometry":{"type":"Polygon","coordinates":[[[114.86627350000003,4.328493327000047],[114.84206940600006,4.312949969000044],[114.83136160400011,4.321847816000059],[114.80459209900005,4.316509120000035],[114.79789972300011,4.335194391000073],[114.77246869300006,4.363221430000067],[114.76577631700002,4.357883027000071],[114.71491425700003,4.425944814000047],[114.70152950400006,4.456192494000049],[114.687252435,4.456192494000049],[114.68502164300003,4.475763860000029],[114.66895994000004,4.500672114000054],[114.63817500900007,4.50867815700002],[114.63796870500005,4.530308978000051],[114.62407997200012,4.533770305000075],[114.60434335100001,4.559638643000028],[114.59283032200005,4.560185147000027],[114.58405849100006,4.596253499000056],[114.56980426500002,4.604450598000028],[114.57071799700009,4.628859176000049],[114.53871543200012,4.653769630000056],[114.52011915000003,4.689789505000022],[114.52339396700006,4.708672970000066],[114.67317056000002,4.843405583000049],[114.79307563500004,4.923978211000076],[114.79516700200008,4.877441753000028],[114.80632096300008,4.85521424500007],[114.77773893900007,4.791306091000024],[114.77704181700005,4.728086712000049],[114.7847101640001,4.719054899000071],[114.77564757200003,4.696822245000021],[114.80283535,4.678062891000025],[114.81468643300002,4.658608216000061],[114.81468643300002,4.646101355000042],[114.80074398300007,4.656523755000023],[114.79865261500004,4.648185847000036],[114.81120082100006,4.618307536000032],[114.80632096300008,4.596766577000039],[114.81468643300002,4.593292167000072],[114.81747492300008,4.477237251000076],[114.82584039400001,4.430671096000026],[114.83769147700002,4.423025625000037],[114.88021595100008,4.430671096000026],[114.88439868600005,4.421635531000049],[114.87812458300004,4.356993290000048],[114.86627350000003,4.328493327000047]]]}},{"type":"Feature","properties":{"country_code":"ID","admin1":"Kalimantan Barat"},"geometry":{"type":"MultiPolygon","coordinates":[[[[109.3073432,-0.6029638],[109.2822806,-0.6136062],[109.291207,-0.5959261],[109.3080298,-0.6002174],[109.3073432,-0.6029638]]],[[[108.6107002,0.1390518],[108.611612,0.125955],[108.600131,0.1198839],[108.6080131,0.1415598],[108.6107002,0.1390518]]],[[[108.8575768,0.5179282],[108.8637567,0.4839405],[108.8577485,0.4775893],[108.8386941,0.4988745],[108.8575768,0.5179282]]],[[[108.7704191,0.7305033],[108.7625227,0.7337646],[108.7626943,0.764661],[108.7676725,0.7591683],[108.7704191,0.7305033]]],[[[108.7110242,0.7392573],[108.708106,0.7584817],[108.6954031,0.7735866],[108.6948881,0.8005349],[108.7063894,0.8027663],[108.7079343,0.7770195],[108.7275037,0.7462948],[108.7261305,0.7305033],[108.7110242,0.7392573]]],[[[108.7914501,0.8391478],[108.7896513,0.8292174],[108.7760502,0.8221956],[108.7763556,0.8377394],[108.7914501,0.8391478]]],[[[110.1321896,-2.8903306],[110.1567065,-2.8762477],[110.1620209,-2.8543092],[110.174421,-2.85438],[110.2014179,-2.8820508],[110.191923,-2.9097209],[110.1616071,-2.9135083],[110.1543682,-2.8994597],[110.134032,-2.8985397],[110.1321896,-2.8903306]]],[[[110.1177885,-2.7025559],[110.122006,-2.7135634],[110.1156117,-2.718365],[110.1281281,-2.7424181],[110.083822,-2.7605368],[110.0449578,-2.747899],[110.0670428,-2.7304596],[110.0807836,-2.6933602],[110.091486,-2.691503],[110.0983791,-2.6740627],[110.1118931,-2.6727943],[110.1279921,-2.6938585],[110.1281735,-2.7027824],[110.1249083,-2.6975277],[110.1177885,-2.7025559]]],[[[109.5444076,-1.2725213],[109.5013206,-1.309934],[109.4343726,-1.2948317],[109.3827025,-1.2601647],[109.3842475,-1.2495243],[109.4105117,-1.2397419],[109.4266479,-1.2045593],[109.4518821,-1.0876813],[109.4585769,-1.0034096],[109.474713,-1.0010067],[109.488446,-0.9733733],[109.5449225,-1.0020365],[109.5675818,-0.9992904],[109.5965412,-0.9812097],[109.6371636,-0.986409],[109.6443145,-1.0101034],[109.6642272,-1.0106183],[109.675,-1.0205],[109.6899764,-1.0157673],[109.7013061,-0.9931115],[109.7183005,-0.9889922],[109.7326786,-1.0007222],[109.7617309,-1.0042678],[109.7567527,-1.0231476],[109.7708289,-1.0806445],[109.7665374,-1.1113662],[109.779412,-1.1319616],[109.7795836,-1.1470649],[109.691178,-1.1928889],[109.6834533,-1.2024998],[109.6874,-1.216950592974485],[109.6619956,-1.217431],[109.5905184,-1.2482024],[109.5444076,-1.2725213]]],[[[109.4057052,-0.6748854],[109.3665664,-0.6766019],[109.3509452,-0.6518843],[109.3622748,-0.6563473],[109.3722312,-0.6503395],[109.4057052,-0.6748854]]],[[[113.7712936,0.5658799],[113.7567978,0.5655401],[113.7341614,0.5345084],[113.6988601,0.5254961],[113.6938781,0.5148143],[113.672142,0.5044865],[113.6583482,0.4432407],[113.6204759,0.4167143],[113.5855483,0.4052254],[113.5790712,0.3885029],[113.5603944,0.3793805],[113.5051193,0.3158246],[113.4609451,0.2807305],[113.4372406,0.2661336],[113.4129715,0.2640664],[113.3434066,0.2792854],[113.3150407,0.2730555],[113.270958,0.2415145],[113.3281631,0.1772288],[113.3990478,0.1432067],[113.4193421,0.1253806],[113.4110412,0.1014238],[113.4100494,0.0466637],[113.4371718,0.0153919],[113.417122,-0.0450644],[113.4404906,-0.0637012],[113.4189378,-0.1122344],[113.3968734,-0.1249312],[113.4186858,-0.1409748],[113.4090652,-0.1618591],[113.3865662,-0.1643855],[113.3862228,-0.1814184],[113.3558654,-0.2193648],[113.2841264,-0.2423536],[113.2731857,-0.2688263],[113.2356643,-0.2944936],[113.2253647,-0.3299159],[113.207962,-0.3380515],[113.262512,-0.3882725],[113.2584685,-0.4026601],[113.2666016,-0.4232285],[113.2627334,-0.4368566],[113.2265473,-0.4765445],[113.2180405,-0.5032137],[113.1997147,-0.5001489],[113.1978456,-0.4797099],[113.1863555,-0.4673808],[113.1579284,-0.4689368],[113.1522444,-0.44993],[113.142929,-0.4462235],[113.1283951,-0.4537235],[113.1105881,-0.486224],[113.0943222,-0.4846489],[113.0623855,-0.4996517],[113.0318222,-0.4874319],[113.0029524,-0.494042],[112.9917528,-0.4875799],[112.9745635,-0.5107591],[112.8874968,-0.5349745],[112.8453217,-0.5719561],[112.8160019,-0.5771292],[112.7941589,-0.5665551],[112.7533417,-0.5685934],[112.741951,-0.5827532],[112.7431642,-0.6201621],[112.7154388,-0.6264276],[112.6991578,-0.6221584],[112.700142,-0.6323281],[112.6837922,-0.652758],[112.6274566,-0.6560411],[112.605835,-0.6652297],[112.597191,-0.685426],[112.5845262,-0.6908538],[112.5502013,-0.6869641],[112.5345305,-0.6995279],[112.4876862,-0.6925587],[112.4751359,-0.7316175],[112.4557344,-0.7219361],[112.4488069,-0.6794792],[112.4331131,-0.6726328],[112.4185334,-0.678605],[112.405945,-0.697223],[112.3652192,-0.7127047],[112.3440858,-0.7179871],[112.3293074,-0.7042329],[112.3096849,-0.7327664],[112.3022002,-0.7328732],[112.2435378,-0.6351569],[112.2181931,-0.6159344],[112.1966017,-0.6158653],[112.1611558,-0.6545038],[112.158661,-0.6843675],[112.1471939,-0.6801659],[112.1577606,-0.7288483],[112.128975,-0.7285422],[112.0623934,-0.7034931],[112.0227584,-0.7032972],[112.0142822,-0.7214772],[112.0353545,-0.7800486],[112.0288849,-0.7959304],[111.9541169,-0.818651],[111.935875,-0.8078021],[111.9100954,-0.7732111],[111.9019774,-0.8322906],[111.9189528,-0.8714287],[111.8724671,-0.8639799],[111.865288,-0.8941284],[111.8538515,-0.9047173],[111.8319016,-0.9144305],[111.7827223,-0.9096333],[111.7523804,-0.9234864],[111.730324,-0.92434],[111.7177351,-0.9451639],[111.6563951,-0.9789097],[111.6246262,-0.9845916],[111.6142045,-1.003334],[111.621956,-1.0481859],[111.6069948,-1.0486437],[111.5940935,-1.0697392],[111.5707932,-1.0759459],[111.5536651,-1.1106066],[111.5544586,-1.1215992],[111.5709761,-1.1391488],[111.555725,-1.1683561],[111.5736617,-1.1869348],[111.5734331,-1.1998179],[111.5603561,-1.2110322],[111.4959334,-1.2197929],[111.4852907,-1.2321709],[111.4089278,-1.2405095],[111.4004974,-1.2771233],[111.378586,-1.2775338],[111.3609697,-1.3190927],[111.3273544,-1.3362761],[111.3142547,-1.3753806],[111.296997,-1.3992016],[111.2754517,-1.4057321],[111.2786561,-1.4253382],[111.2200927,-1.4086618],[111.2107237,-1.4159668],[111.2066345,-1.4414293],[111.185051,-1.4321659],[111.1917647,-1.5143295],[111.1746978,-1.5081173],[111.1681138,-1.4770693],[111.1471711,-1.4730488],[111.1323928,-1.4861452],[111.1067125,-1.4927069],[111.1233902,-1.5319177],[111.1188964,-1.5527788],[111.0776825,-1.562954],[111.0680237,-1.5397834],[111.0587767,-1.53633],[111.03714,-1.5412153],[111.0138628,-1.5631075],[110.9839554,-1.5376967],[110.952301,-1.578447],[110.9088364,-1.5860479],[110.8833923,-1.6173265],[110.8583298,-1.6305686],[110.8601532,-1.6763756],[110.887474,-1.6824691],[110.8963087,-1.7057038],[110.9141464,-1.7182978],[110.9385374,-1.7130845],[110.9589462,-1.6779235],[110.9773253,-1.667843],[111.0055237,-1.6990867],[111.0062178,-1.7273831],[111.0161056,-1.7425525],[111.0137177,-1.7798113],[111.0054092,-1.8031714],[110.9815369,-1.8294761],[110.9760131,-1.8830744],[110.9928665,-1.8961937],[110.9968186,-1.9101757],[110.974617,-1.9551838],[110.9811172,-1.9770285],[111.0041579,-1.9908831],[111.0295638,-1.983065],[111.0760423,-1.9867618],[111.0852432,-1.9946904],[111.0759354,-2.0264051],[111.0814895,-2.0493448],[111.0611725,-2.0561542],[111.0525361,-2.0717218],[111.0378114,-2.0740325],[111.0796434,-2.1585572],[111.064415,-2.1847449],[111.0652618,-2.2010352],[111.0413286,-2.2229371],[111.0324859,-2.2441279],[111.070877,-2.301507],[111.1038743,-2.4247162],[111.1061632,-2.4847888],[111.1370087,-2.611788],[111.1193086,-2.6531302],[111.1363906,-2.6708331],[111.1654814,-2.6726846],[111.1706275,-2.7062621],[111.136406,-2.7506525],[111.0647812,-2.7856564],[111.0117035,-2.7946319],[110.9976883,-2.8273094],[110.9690629,-2.8562317],[110.9266204,-2.8704312],[110.8929672,-2.8715403],[110.8526458,-2.89853],[110.7739181,-2.926028],[110.7486115,-2.9520359],[110.7268504,-3.0035813],[110.6576082,-3.0415041],[110.6444888,-3.0357863],[110.6107965,-2.9921998],[110.6138594,-2.9856453],[110.6390893,-2.9904383],[110.6333207,-2.9300551],[110.6162936,-2.8764839],[110.5715911,-2.8382972],[110.468803,-2.8707946],[110.3752686,-2.9257444],[110.3056167,-2.9963805],[110.281075,-2.9698179],[110.2609327,-2.963496],[110.2423409,-2.9070777],[110.2284913,-2.8999328],[110.2244556,-2.8863756],[110.2447256,-2.8622836],[110.2605932,-2.8237171],[110.2652709,-2.7908293],[110.2594008,-2.7622463],[110.2197779,-2.7381518],[110.2299588,-2.727616],[110.2334441,-2.6930763],[110.2228046,-2.6831815],[110.2109728,-2.6445176],[110.1741882,-2.6306435],[110.1588527,-2.634675],[110.1488736,-2.6214812],[110.1852092,-2.5888334],[110.1999431,-2.5191077],[110.1853103,-2.4979274],[110.1807721,-2.4544488],[110.1491244,-2.4282048],[110.1540659,-2.4125872],[110.1377723,-2.3026166],[110.0944331,-2.243839],[110.0631951,-2.2454019],[110.0851678,-2.2380261],[110.0925492,-2.2229313],[110.0951241,-2.2033765],[110.0850128,-2.1811641],[110.1102303,-2.1500284],[110.1203584,-2.0879294],[110.1124531,-2.046586],[110.1182984,-2.0323471],[110.1089033,-2.0256514],[110.0923776,-1.9633812],[110.0645684,-1.9292403],[109.9947022,-1.8992163],[109.9607133,-1.8729663],[109.9216872,-1.8558289],[109.9013332,-1.8281518],[109.9120155,-1.8265978],[109.9145364,-1.8115433],[109.9079906,-1.8010749],[109.9099015,-1.7701931],[109.9409722,-1.7772279],[109.9449204,-1.7719089],[109.931017,-1.7573267],[109.9538468,-1.7628152],[109.9723863,-1.7520056],[110.0171899,-1.7017317],[110.0322961,-1.6674143],[110.0420808,-1.5828193],[110.0355576,-1.5246474],[110.0647401,-1.4575506],[110.0571282,-1.4348131],[110.0708697,-1.4218229],[110.0743973,-1.4051784],[110.0616502,-1.3465189],[110.0173114,-1.2869426],[109.9931495,-1.27395],[109.9619316,-1.27716],[109.9609152,-1.2648437],[109.9507785,-1.2650673],[109.9388346,-1.2520036],[109.9483445,-1.2394126],[109.9333348,-1.2334311],[109.9340789,-1.2184608],[109.9253754,-1.2137866],[109.9165965,-1.2208864],[109.9085013,-1.2098796],[109.9447219,-1.1262979],[109.8667876,-1.0940316],[109.8190658,-1.0907707],[109.8041312,-1.048721],[109.7689406,-1.0351619],[109.7649924,-0.9962009],[109.7324257,-0.9880275],[109.7339217,-0.9670228],[109.7229377,-0.9665023],[109.6975571,-0.9876768],[109.68208,-1.0133644],[109.6685287,-0.9971931],[109.6508376,-0.9989471],[109.628439,-0.9674215],[109.6225378,-0.9782827],[109.6127149,-0.9724951],[109.6096389,-0.9462547],[109.5897262,-0.9026583],[109.5638053,-0.898539],[109.5529906,-0.8846361],[109.4553531,-0.865504],[109.4393508,-0.8568302],[109.4477622,-0.848763],[109.4063918,-0.8698749],[109.4216697,-0.8733078],[109.4324843,-0.8963077],[109.4206397,-0.9133],[109.4105117,-0.9059195],[109.4048469,-0.9048897],[109.4033019,-0.8963077],[109.4046752,-0.9055762],[109.4187514,-0.9160462],[109.4060485,-0.9328669],[109.3972938,-0.9330385],[109.3068282,-0.9062628],[109.2565314,-0.8485913],[109.2410819,-0.8185538],[109.238507,-0.7945236],[109.2479484,-0.6616684],[109.2630546,-0.6633849],[109.3193595,-0.7052673],[109.3626182,-0.7147079],[109.3976371,-0.7081853],[109.4693915,-0.7543585],[109.5080153,-0.7399401],[109.5361678,-0.7390819],[109.5385711,-0.7317011],[109.4587485,-0.7303279],[109.4451873,-0.7087003],[109.4597785,-0.7212306],[109.4695632,-0.7159095],[109.4589202,-0.7189991],[109.4522254,-0.7073271],[109.4573752,-0.7066405],[109.3907706,-0.6577205],[109.3722312,-0.6487946],[109.3602271,-0.6527318],[109.3511168,-0.6335177],[109.3590133,-0.6182408],[109.3729178,-0.6192707],[109.3847625,-0.6019339],[109.3760077,-0.5844254],[109.2954986,-0.5921497],[109.2520682,-0.604337],[109.227349,-0.5892316],[109.2244308,-0.5701782],[109.2021148,-0.551983],[109.1859786,-0.5528412],[109.1931884,-0.5617672],[109.1885535,-0.5689766],[109.1472639,-0.5710079],[109.1150372,-0.5166263],[109.1136741,-0.4366791],[109.0974377,-0.3584805],[109.1029366,-0.3445791],[109.0561608,-0.2757304],[109.0554877,-0.2222673],[109.0770429,-0.2027627],[109.0938657,-0.1353],[109.1619633,-0.0590912],[109.1692736,0.0278135],[109.1886809,0.06633],[109.137296,0.1295732],[109.1274747,0.1921927],[109.0922842,0.2454073],[109.0145216,0.2969051],[108.9663316,0.3160878],[108.9556417,0.3114961],[108.9276609,0.3178475],[108.9146146,0.3355283],[108.9319524,0.349776],[108.9470586,0.3873691],[108.9408788,0.4450457],[108.9082632,0.4800635],[108.9074552,0.5052822],[108.9271459,0.5629725],[108.9258203,0.6336937],[108.8965902,0.693599],[108.8727058,0.7078321],[108.8829558,0.7366888],[108.8805394,0.7643651],[108.8652113,0.788735],[108.8516802,0.7855308],[108.8406724,0.815397],[108.8911918,0.8581653],[108.8930169,0.870687],[108.9111026,0.8630272],[108.9386472,0.8849831],[108.9677073,0.9352352],[108.9795026,0.9891676],[108.9743528,1.0269273],[108.9553801,1.0633182],[108.9624775,1.0649358],[108.9502227,1.0667419],[108.9316091,1.0991843],[108.9348627,1.1204728],[108.923541,1.1177203],[108.9046896,1.1629227],[108.9108381,1.1731558],[108.9254293,1.1759018],[108.9480886,1.1654326],[108.9647753,1.169644],[108.9686924,1.185205],[108.979331,1.1844831],[108.9887724,1.200959],[109.0663633,1.1987279],[109.141036,1.2404321],[109.1149435,1.2421483],[109.0598402,1.2061077],[109.0023336,1.2146888],[108.9771252,1.2097945],[108.9679516,1.1972119],[108.9602766,1.2050779],[108.9875707,1.2560496],[108.9867124,1.2745845],[109.0239629,1.3119972],[109.0435323,1.346835],[109.0370092,1.4453394],[109.0490255,1.504543],[109.0596685,1.5242771],[109.1042557,1.5671496],[109.1354773,1.5906729],[109.2207839,1.6330088],[109.2603733,1.6727944],[109.2707202,1.715577],[109.285011,1.7241047],[109.2851097,1.7400405],[109.3029882,1.7732199],[109.28741,1.7761668],[109.3376123,1.8324224],[109.3442299,1.8749121],[109.3228366,1.9269183],[109.3375694,1.9428651],[109.4313137,1.9504267],[109.4520418,1.9743594],[109.4706721,1.9808074],[109.5872733,1.9908819],[109.6277854,2.0684241],[109.645008,2.0814049],[109.630502,2.047476],[109.637985,2.027511],[109.627076,1.990885],[109.600188,1.973718],[109.593037,1.979102],[109.560275,1.971165],[109.551831,1.956479],[109.564715,1.95134],[109.564366,1.936602],[109.538038,1.924521],[109.548003,1.880571],[109.557775,1.871462],[109.553422,1.853472],[109.58253,1.834766],[109.586289,1.812388],[109.579226,1.804433],[109.585432,1.792406],[109.636342,1.80543],[109.685503,1.782126],[109.667653,1.733193],[109.669733,1.699206],[109.660624,1.693052],[109.66746,1.652458],[109.658299,1.637493],[109.662244,1.618805],[109.689426,1.610458],[109.69767,1.588447],[109.706726,1.587205],[109.782489,1.503778],[109.798879,1.499455],[109.798108,1.476675],[109.806848,1.465806],[109.816084,1.463644],[109.82784,1.482055],[109.839284,1.486129],[109.82927,1.456413],[109.836066,1.422266],[109.84594,1.426107],[109.89388,1.414522],[109.930421,1.425112],[109.946314,1.407245],[109.962019,1.403389],[109.970898,1.38616],[109.961987,1.371978],[109.979186,1.298646],[110.015199,1.292131],[110.04636,1.272382],[110.046376,1.265276],[110.057976,1.269941],[110.064896,1.264529],[110.069001,1.228532],[110.058194,1.220757],[110.063714,1.208644],[110.085826,1.216854],[110.097068,1.197666],[110.155489,1.199143],[110.192202,1.183033],[110.212602,1.150161],[110.205621,1.132994],[110.209244,1.118425],[110.241385,1.117429],[110.248678,1.107866],[110.248414,1.086189],[110.26768,1.066223],[110.262579,1.056443],[110.286464,1.044174],[110.276559,1.031284],[110.283292,1.017895],[110.277288,0.995971],[110.300961,0.995749],[110.307843,1.004145],[110.324291,0.993429],[110.331415,1.005861],[110.338357,1.003742],[110.338983,1.012883],[110.343236,0.993042],[110.359112,0.98334],[110.378913,0.996261],[110.395363,0.996504],[110.410247,0.964905],[110.405528,0.95269],[110.438581,0.944024],[110.433068,0.925766],[110.44599,0.90795],[110.463189,0.904466],[110.467533,0.892515],[110.479021,0.892029],[110.490642,0.876374],[110.545367,0.868589],[110.575779,0.853821],[110.596919,0.858339],[110.601842,0.868892],[110.628208,0.872061],[110.636502,0.888988],[110.633232,0.90888],[110.651709,0.905711],[110.649213,0.892932],[110.66769,0.875973],[110.696787,0.883087],[110.722513,0.907969],[110.755319,0.900012],[110.76422,0.907936],[110.760208,0.920714],[110.768873,0.932043],[110.804848,0.900484],[110.814018,0.921389],[110.802993,0.93882],[110.808793,0.949542],[110.859907,0.950351],[110.861997,0.965692],[110.88779,0.980864],[110.890616,1.007558],[110.905498,1.02835],[110.99749,1.027052],[111.079447,1.051261],[111.142006,1.052356],[111.197587,1.064753],[111.224859,1.092659],[111.254495,1.063542],[111.272254,1.068096],[111.405038,1.009402],[111.443496,1.015629],[111.463503,1.036443],[111.48916,1.034425],[111.513604,1.007157],[111.522962,0.957352],[111.540036,0.94877],[111.552041,0.957032],[111.548115,0.978351],[111.560122,0.985518],[111.576784,0.974471],[111.595319,1.008344],[111.639509,1.022039],[111.638778,1.031215],[111.666717,1.04281],[111.689999,1.025965],[111.713783,1.025919],[111.709218,1.016104],[111.716339,1.007522],[111.748021,1.008664],[111.761899,1.021217],[111.775549,0.999122],[111.790614,0.994146],[111.799516,1.000218],[111.811658,0.995744],[111.816497,0.983738],[111.825993,0.985382],[111.866257,1.00912],[111.869316,1.018433],[111.863701,1.01962],[111.874474,1.028978],[111.870457,1.042126],[111.880135,1.05121],[111.880363,1.065864],[111.908347,1.070612],[111.911999,1.087913],[111.927977,1.087913],[111.935099,1.118363],[111.948611,1.115532],[111.955961,1.123567],[111.991934,1.123384],[112.015931,1.132666],[112.029453,1.127394],[112.153926,1.141844],[112.155683,1.170475],[112.141734,1.185633],[112.168339,1.219024],[112.158417,1.249536],[112.174136,1.259714],[112.169962,1.283512],[112.177236,1.311436],[112.198887,1.322224],[112.226127,1.384027],[112.226444,1.399063],[112.217998,1.395182],[112.194981,1.410877],[112.207967,1.450102],[112.276421,1.466334],[112.318599,1.504802],[112.3516,1.500336],[112.374007,1.512345],[112.385968,1.510416],[112.394852,1.523255],[112.403054,1.517177],[112.430465,1.52284],[112.443865,1.53463],[112.446843,1.550251],[112.500396,1.580127],[112.63014,1.5637],[112.66031,1.568558],[112.677372,1.552326],[112.728117,1.564579],[112.749353,1.55506],[112.775873,1.561504],[112.796693,1.553327],[112.800867,1.541171],[112.825643,1.538535],[112.831159,1.545247],[112.842289,1.536973],[112.884834,1.587597],[112.915418,1.582422],[112.93309,1.567532],[112.956449,1.575001],[112.975146,1.563456],[112.984666,1.564847],[112.989889,1.579737],[113.002996,1.581031],[113.005876,1.568753],[113.058502,1.558477],[113.07078,1.529479],[113.045883,1.515151],[113.049691,1.499652],[113.031726,1.492817],[113.040317,1.473583],[112.982078,1.449565],[112.974072,1.436385],[112.974682,1.408681],[113.018862,1.404214],[113.043857,1.422789],[113.088183,1.428012],[113.093968,1.441388],[113.106343,1.445],[113.124503,1.42767],[113.141321,1.393376],[113.181474,1.379463],[113.218794,1.384418],[113.232756,1.397501],[113.250868,1.385028],[113.266941,1.391911],[113.305726,1.373361],[113.325766,1.376949],[113.332478,1.366526],[113.355349,1.358886],[113.365918,1.325617],[113.394916,1.318978],[113.419081,1.28549],[113.451056,1.285513],[113.463846,1.303332],[113.485741,1.30653],[113.498189,1.317099],[113.544468,1.319808],[113.558845,1.307213],[113.581862,1.306261],[113.595629,1.260226],[113.624895,1.249511],[113.626677,1.238307],[113.617304,1.226933],[113.630021,1.216023],[113.654186,1.22066],[113.664608,1.214801],[113.666317,1.226567],[113.689432,1.239601],[113.702905,1.262716],[113.75547,1.273016],[113.810023,1.298865],[113.824498,1.318539],[113.831015,1.347243],[113.814832,1.363842],[113.85064,1.380391],[113.851689,1.387616],[113.876806,1.388446],[113.908586,1.412903],[113.937169,1.415637],[113.954206,1.442389],[113.967875,1.441925],[113.975734,1.450053],[113.998801,1.443511],[114.048217,1.451782],[114.079378,1.46516],[114.09774,1.466349],[114.105779,1.455319],[114.14305,1.464838],[114.161348,1.440944],[114.203603,1.420717],[114.206948,1.409688],[114.1678544,1.3960992],[114.1477052,1.3785854],[114.1531297,1.3127968],[114.1417084,1.2925983],[114.1607668,1.2663639],[114.1416702,1.2538608],[114.1259688,1.2237125],[114.1397248,1.198879],[114.1095125,1.1501055],[114.0989839,1.1486473],[114.0803147,1.1616226],[114.0464401,1.1324569],[114.0299989,1.1472143],[114.0121764,1.138863],[114.0017015,1.1480592],[113.9861146,1.1442124],[113.9791183,1.1270627],[113.9587708,1.1143785],[113.9415437,1.0627583],[113.9058302,1.0610694],[113.8941954,1.0518237],[113.8922424,1.0229262],[113.9154206,1.0078625],[113.9182967,0.9866899],[113.9078293,0.9542002],[113.8800737,0.9279569],[113.8745804,0.8927728],[113.9262239,0.8375931],[113.9208296,0.8196207],[113.8888015,0.7870907],[113.8948517,0.7385683],[113.8747482,0.7127877],[113.8436586,0.7056457],[113.8359298,0.6824271],[113.8403582,0.6681938],[113.8112413,0.645287],[113.8039628,0.6108169],[113.7761917,0.5885043],[113.7712936,0.5658799]]]]}},{"type":"Feature","properties":{"country_code":"ID","admin1":"Kalimantan Selatan"},"geometry":{"type":"MultiPolygon","coordinates":[[[[115.6340674,-4.9376006],[115.6532742,-4.9122888],[115.677318,-4.8918421],[115.663042,-4.9228628],[115.6340674,-4.9376006]]],[[[115.8355825,-4.7835772],[115.8546079,-4.7849822],[115.8010503,-4.8249643],[115.7664874,-4.8376023],[115.7926162,-4.7972103],[115.8568372,-4.7544891],[115.8351256,-4.7775153],[115.8355825,-4.7835772]]],[[[115.7384752,-4.7093834],[115.7115893,-4.7264001],[115.7076216,-4.7200341],[115.7192107,-4.70604],[115.7529922,-4.689194],[115.7384752,-4.7093834]]],[[[115.8048258,-4.3755576],[115.7961051,-4.3715461],[115.7986341,-4.3635666],[115.8136773,-4.3661392],[115.8048258,-4.3755576]]],[[[116.0444944,-4.0981168],[116.0411705,-4.0866413],[116.0460603,-4.0765929],[116.0487401,-4.0897439],[116.0444944,-4.0981168]]],[[[116.0550412,-3.7670631],[116.0237237,-3.7297538],[116.0210074,-3.708388],[116.0050291,-3.6819191],[116.0115802,-3.672033],[116.0107812,-3.6436495],[116.0029519,-3.6380684],[116.0090236,-3.6143084],[116.0312335,-3.5913451],[116.0452944,-3.5449384],[116.0379444,-3.4824212],[116.0614325,-3.4495661],[116.0734162,-3.4478116],[116.0697412,-3.4331381],[116.1032094,-3.3569346],[116.0978371,-3.3497838],[116.1153468,-3.3036003],[116.1252955,-3.2985349],[116.1384278,-3.3057854],[116.1427057,-3.2932708],[116.1879723,-3.266354],[116.255489,-3.2102111],[116.2676748,-3.2214074],[116.2801596,-3.2143911],[116.2699176,-3.2512634],[116.2771692,-3.2646983],[116.2495914,-3.3737242],[116.256402,-3.3940452],[116.3047008,-3.443843],[116.3140444,-3.4739332],[116.3134982,-3.5073047],[116.2909101,-3.5073047],[116.2727694,-3.5242431],[116.2710919,-3.5439457],[116.306359,-3.5896963],[116.2896227,-3.610955],[116.3012874,-3.644633],[116.2958257,-3.6580259],[116.2960207,-3.6767135],[116.3048271,-3.6851237],[116.2997497,-3.7115281],[116.3150891,-3.7290117],[116.3389027,-3.7277629],[116.3142667,-3.774182],[116.2775094,-3.7984431],[116.2713236,-3.8159963],[116.2973409,-3.8488489],[116.2950396,-3.8675842],[116.3044978,-3.8800405],[116.309995,-3.9167588],[116.290356,-3.9190627],[116.2744513,-3.9066738],[116.2438732,-3.941838],[116.2086955,-3.9517314],[116.2022603,-3.9702876],[116.1901924,-3.9728538],[116.209182,-3.980091],[116.2096906,-3.9852477],[116.1927477,-3.9849735],[116.1729691,-3.9966837],[116.1434068,-4.0351959],[116.1274909,-4.0341477],[116.1267342,-4.0215143],[116.1164649,-4.0220188],[116.1032303,-4.0338634],[116.1075845,-4.0431492],[116.0994868,-4.053323],[116.0983058,-4.0761378],[116.0907221,-4.0854101],[116.0949754,-4.0696889],[116.0838072,-4.0704497],[116.0980729,-4.0547398],[116.0897365,-4.048543],[116.0845925,-4.0570448],[116.0861532,-4.0387426],[116.0738291,-4.0400176],[116.0802629,-4.0261036],[116.0679308,-4.0345969],[116.0664033,-4.023252],[116.0620361,-4.0259534],[116.0481308,-4.0624164],[116.0497019,-4.0361225],[116.0391903,-4.0242514],[116.0430561,-4.011366],[116.0499792,-4.0183348],[116.0579507,-4.0067429],[116.0505266,-3.9889461],[116.0799905,-3.9240134],[116.0732071,-3.9073771],[116.0570404,-3.9036214],[116.0638459,-3.9000199],[116.0615923,-3.848532],[116.0782097,-3.8472566],[116.0767717,-3.8107479],[116.0550412,-3.7670631]]],[[[116.0206538,-3.4287664],[116.040879,-3.4214911],[116.0261919,-3.4567596],[116.015342,-3.4422529],[116.0206538,-3.4287664]]],[[[116.0367223,-3.3981854],[116.0261226,-3.4051703],[116.0330505,-3.3645054],[116.0448279,-3.3572437],[116.0367223,-3.3981854]]],[[[116.0725128,-3.3501537],[116.0698567,-3.3775353],[116.0581088,-3.3843168],[116.0579045,-3.353927],[116.0725128,-3.3501537]]],[[[114.4976195,-3.0005851],[114.5911104,-2.8209522],[114.6643981,-2.8017976],[114.6792755,-2.782902],[114.6693571,-2.7547285],[114.680435,-2.741452],[114.7167893,-2.743494],[114.7607957,-2.7218372],[114.7894286,-2.6776044],[114.797592,-2.5923996],[114.839302,-2.5579259],[114.8677063,-2.5164669],[114.862892,-2.4798388],[114.8757476,-2.4640233],[114.913948,-2.45207],[115.2057647,-2.2413252],[115.2279893,-2.2242164],[115.2407931,-2.1984446],[115.2647219,-2.2261854],[115.2697284,-2.2204443],[115.2912294,-2.2262695],[115.3038636,-2.1633341],[115.300247,-2.1444338],[115.3250122,-2.1092143],[115.3247375,-2.0848682],[115.2921982,-2.015595],[115.2782287,-2.0011978],[115.3510132,-1.9304194],[115.3465117,-1.8923718],[115.312172,-1.8277473],[115.3102799,-1.8068834],[115.3539734,-1.6621722],[115.4005279,-1.4348902],[115.412773,-1.4298878],[115.4458314,-1.4350896],[115.486763,-1.4229709],[115.5243071,-1.4297956],[115.6402055,-1.368874],[115.6894682,-1.3662667],[115.7571173,-1.3024076],[115.7450482,-1.3332017],[115.7451019,-1.3601492],[115.7231901,-1.3773437],[115.7078322,-1.4149392],[115.6711424,-1.4437683],[115.6541443,-1.4217699],[115.6745527,-1.394391],[115.6628415,-1.3852047],[115.6473615,-1.3877865],[115.6162946,-1.4271677],[115.5909423,-1.442386],[115.571106,-1.4830586],[115.5433579,-1.491012],[115.5368498,-1.5316858],[115.5527341,-1.5439436],[115.5816421,-1.5236666],[115.6002958,-1.5473674],[115.6130751,-1.535115],[115.6367185,-1.5468505],[115.6290512,-1.606223],[115.6515732,-1.6422728],[115.6684186,-1.639051],[115.676506,-1.6584683],[115.6673203,-1.7065714],[115.6867293,-1.7315303],[115.7010422,-1.7307824],[115.7007294,-1.7489037],[115.726631,-1.7870381],[115.7283093,-1.8314493],[115.7219467,-1.8476086],[115.7317045,-1.8633481],[115.7319792,-1.8894728],[115.7219085,-1.9206195],[115.7246017,-1.9354987],[115.6999892,-1.9866991],[115.7172087,-1.9920231],[115.7296521,-2.0077212],[115.7064894,-2.0357745],[115.7353592,-2.057582],[115.7887573,-2.0510945],[115.818283,-2.0663019],[115.8120421,-2.0922004],[115.791786,-2.1044329],[115.7903974,-2.1756785],[115.7812041,-2.1977113],[115.7865523,-2.2179477],[115.8090742,-2.2451628],[115.803711,-2.2649136],[115.8177718,-2.2937348],[115.8362654,-2.3013215],[115.8161619,-2.3245321],[115.8279343,-2.3404555],[115.8240279,-2.3583003],[115.8355864,-2.3866929],[115.8522184,-2.3969264],[115.8735045,-2.3766111],[115.8883282,-2.3791736],[115.8958969,-2.338402],[115.917984,-2.3445107],[115.9340817,-2.3246761],[115.9598923,-2.3196497],[115.9589689,-2.2983254],[115.9669112,-2.2926219],[116.0114324,-2.3248478],[116.0337735,-2.3206875],[116.0571135,-2.3311663],[116.197975,-2.3355757],[116.2437742,-2.3620108],[116.3580091,-2.3571577],[116.4347532,-2.3708151],[116.4821472,-2.3844658],[116.55382611470193,-2.41914538446844],[116.5233752,-2.5182132],[116.5312979,-2.5370088],[116.5120957,-2.5617907],[116.4810603,-2.5715638],[116.4758946,-2.5121298],[116.450503,-2.5023154],[116.421989,-2.5007328],[116.398458,-2.5284063],[116.3534928,-2.5183833],[116.3359292,-2.5344848],[116.3118725,-2.5351861],[116.322684,-2.5530472],[116.323152,-2.5800722],[116.3294236,-2.582223],[116.3589563,-2.549821],[116.3590031,-2.5616037],[116.3753374,-2.5653442],[116.3916248,-2.5844673],[116.4155411,-2.5788566],[116.3686445,-2.6622658],[116.3594165,-2.7564372],[116.3722484,-2.8027956],[116.359861,-2.8637422],[116.3640765,-2.8788495],[116.3421724,-2.8980015],[116.3172193,-2.9452122],[116.270674,-3.0017638],[116.2369416,-3.0070772],[116.2144142,-3.0021843],[116.2086638,-2.9416347],[116.1548879,-2.9001454],[116.1542883,-2.8701842],[116.1346211,-2.8262215],[116.1380267,-2.8162723],[116.1219353,-2.8212895],[116.1317264,-2.8322591],[116.13394,-2.859215],[116.1199771,-2.8712897],[116.1307472,-2.8756316],[116.132304,-2.8893147],[116.105832,-2.9171442],[116.1017208,-2.9333428],[116.103354,-2.9450979],[116.1226615,-2.9604639],[116.085055,-2.9904005],[116.1107881,-2.9962789],[116.1361877,-2.9747382],[116.1455609,-2.9874797],[116.1772673,-2.9981758],[116.1727589,-3.0327047],[116.187199,-3.0423384],[116.1819705,-3.0585947],[116.1964161,-3.0748589],[116.212208,-3.0774974],[116.2695996,-3.1139437],[116.2737228,-3.1297193],[116.2518414,-3.1234539],[116.2067392,-3.1292213],[116.1679223,-3.1673683],[116.1849328,-3.242123],[116.1419015,-3.2672844],[116.0854926,-3.2824887],[116.0494003,-3.3517108],[116.0352674,-3.3589727],[116.0322192,-3.3631222],[116.022784,-3.3952265],[116.0238771,-3.4107263],[116.0068544,-3.4325376],[116.0146123,-3.4830512],[115.9930309,-3.517647],[115.9931067,-3.5560841],[115.9862282,-3.5601226],[115.9838551,-3.5698842],[115.9820143,-3.5623804],[115.9730766,-3.5620484],[115.9820143,-3.5713672],[115.9878472,-3.5680027],[115.9887343,-3.5608088],[115.996136,-3.565457],[115.9708233,-3.6068826],[115.8467138,-3.6268315],[115.8153223,-3.6422878],[115.788371,-3.6776753],[115.7329243,-3.7107234],[115.7157587,-3.7317825],[115.6619896,-3.7387991],[115.6078361,-3.7684257],[115.5295826,-3.7917737],[115.5261572,-3.7989647],[115.4769606,-3.8133509],[115.3780222,-3.8609805],[115.2509214,-3.9079962],[115.1227475,-3.9691791],[115.0046085,-4.0141246],[114.7075689,-4.1710124],[114.6623875,-4.1783499],[114.6318746,-4.171431],[114.618949,-4.1607013],[114.629109,-4.1524883],[114.6244896,-4.0661737],[114.6369474,-4.0608005],[114.6385493,-4.0391652],[114.6040463,-3.8304979],[114.6107411,-3.7460538],[114.6231007,-3.7006595],[114.6119427,-3.6396734],[114.5705217,-3.5728815],[114.5590702,-3.5602006],[114.513692,-3.5432302],[114.4992907,-3.5108161],[114.4846287,-3.5000288],[114.4432426,-3.5016438],[114.4248058,-3.4943809],[114.4294588,-3.4800985],[114.4059053,-3.4694731],[114.4110513,-3.4622753],[114.3974804,-3.4570864],[114.3997206,-3.4491955],[114.3910533,-3.4640231],[114.3933969,-3.4506359],[114.35316867217293,-3.446789007787002],[114.3522493,-3.4093206],[114.3976745,-3.2568274],[114.4783174,-3.1268472],[114.4976195,-3.0005851]]],[[[117.0469633,-5.0975271],[117.0461912,-5.0899217],[117.0611054,-5.0971396],[117.0469633,-5.0975271]]],[[[116.2070106,-4.1013886],[116.1993204,-4.0888775],[116.2098503,-4.0855364],[116.2134342,-4.096368],[116.2070106,-4.1013886]]],[[[116.1626434,-4.052489],[116.1803661,-4.0445153],[116.1785625,-4.0508292],[116.1654622,-4.0577766],[116.1626434,-4.052489]]],[[[116.2001456,-4.0331913],[116.1970724,-4.0254541],[116.213244,-4.0277901],[116.2073296,-4.0377096],[116.2001456,-4.0331913]]],[[[116.3053635,-3.8502098],[116.2962099,-3.8434671],[116.314088,-3.8191002],[116.3203453,-3.8166028],[116.3134086,-3.8442876],[116.3053635,-3.8502098]]],[[[116.3320308,-3.5921209],[116.3517865,-3.6034027],[116.3381582,-3.6186908],[116.3304461,-3.6113104],[116.3320308,-3.5921209]]],[[[116.347754,-3.5940825],[116.3420757,-3.5672124],[116.3124154,-3.5550637],[116.3348231,-3.4938271],[116.3389078,-3.459462],[116.3628327,-3.4309205],[116.3907172,-3.4127348],[116.4083458,-3.3604373],[116.4311884,-3.368121],[116.4346644,-3.4214095],[116.4071043,-3.5304558],[116.3989108,-3.6270997],[116.3864963,-3.6278431],[116.3817788,-3.6508874],[116.3610684,-3.6527055],[116.3494183,-3.6109859],[116.3563692,-3.6018014],[116.347754,-3.5940825]]],[[[116.2825412,-3.0847567],[116.2783405,-3.0938448],[116.2713395,-3.0889512],[116.27474,-3.0790641],[116.2825412,-3.0847567]]],[[[116.2035171,-2.9431864],[116.1808893,-2.9507436],[116.1489473,-2.9352816],[116.1491799,-2.8985848],[116.2035171,-2.9431864]]]]}},{"type":"Feature","properties":{"country_code":"ID","admin1":"Kalimantan Tengah"},"geometry":{"type":"MultiPolygon","coordinates":[[[[113.3652925,-3.2758459],[113.3738755,-3.2626495],[113.3980798,-3.2511668],[113.4073495,-3.2693334],[113.3798837,-3.2984679],[113.3664941,-3.3017241],[113.3652925,-3.2758459]]],[[[110.7486115,-2.9520359],[110.7739181,-2.926028],[110.8526458,-2.89853],[110.8929672,-2.8715403],[110.9266204,-2.8704312],[110.9690629,-2.8562317],[110.9976883,-2.8273094],[111.0117035,-2.7946319],[111.0647812,-2.7856564],[111.136406,-2.7506525],[111.1706275,-2.7062621],[111.172676,-2.6902797],[111.1654814,-2.6726846],[111.1363906,-2.6708331],[111.1193086,-2.6531302],[111.1370087,-2.611788],[111.1061632,-2.4847888],[111.1038743,-2.4247162],[111.070877,-2.301507],[111.0324859,-2.2441279],[111.0413286,-2.2229371],[111.0652618,-2.2010352],[111.064415,-2.1847449],[111.0796434,-2.1585572],[111.0378114,-2.0740325],[111.0525361,-2.0717218],[111.0611725,-2.0561542],[111.0814895,-2.0493448],[111.0759354,-2.0264051],[111.0852432,-1.9946904],[111.0760423,-1.9867618],[111.0295638,-1.983065],[111.0041579,-1.9908831],[110.9811172,-1.9770285],[110.974617,-1.9551838],[110.9968186,-1.9101757],[110.9928665,-1.8961937],[110.9760131,-1.8830744],[110.9815369,-1.8294761],[111.0054092,-1.8031714],[111.0137177,-1.7798113],[111.0161056,-1.7425525],[111.0062178,-1.7273831],[111.0055237,-1.6990867],[110.9773253,-1.667843],[110.9589462,-1.6779235],[110.9385374,-1.7130845],[110.9141464,-1.7182978],[110.8963087,-1.7057038],[110.887474,-1.6824691],[110.8601532,-1.6763756],[110.8583298,-1.6305686],[110.8833923,-1.6173265],[110.9088364,-1.5860479],[110.952301,-1.578447],[110.9839554,-1.5376967],[111.0138628,-1.5631075],[111.03714,-1.5412153],[111.0587767,-1.53633],[111.0680237,-1.5397834],[111.0776825,-1.562954],[111.1188964,-1.5527788],[111.1233902,-1.5319177],[111.1067125,-1.4927069],[111.1323928,-1.4861452],[111.1471711,-1.4730488],[111.1681138,-1.4770693],[111.1746978,-1.5081173],[111.1917647,-1.5143295],[111.185051,-1.4321659],[111.2066345,-1.4414293],[111.2107237,-1.4159668],[111.2200927,-1.4086618],[111.2786561,-1.4253382],[111.2754517,-1.4057321],[111.296997,-1.3992016],[111.3142547,-1.3753806],[111.3273544,-1.3362761],[111.3609697,-1.3190927],[111.378586,-1.2775338],[111.4004974,-1.2771233],[111.4089278,-1.2405095],[111.4852907,-1.2321709],[111.4959334,-1.2197929],[111.5603561,-1.2110322],[111.5734331,-1.1998179],[111.5736617,-1.1869348],[111.555725,-1.1683561],[111.5709761,-1.1391488],[111.5544586,-1.1215992],[111.5536651,-1.1106066],[111.5707932,-1.0759459],[111.5940935,-1.0697392],[111.6069948,-1.0486437],[111.621956,-1.0481859],[111.6142045,-1.003334],[111.6246262,-0.9845916],[111.6563951,-0.9789097],[111.7177351,-0.9451639],[111.730324,-0.92434],[111.7523804,-0.9234864],[111.7827223,-0.9096333],[111.8319016,-0.9144305],[111.8538515,-0.9047173],[111.865288,-0.8941284],[111.8724671,-0.8639799],[111.9189528,-0.8714287],[111.9019774,-0.8322906],[111.9100954,-0.7732111],[111.935875,-0.8078021],[111.9541169,-0.818651],[112.0288849,-0.7959304],[112.0353545,-0.7800486],[112.0142822,-0.7214772],[112.0227584,-0.7032972],[112.0623934,-0.7034931],[112.128975,-0.7285422],[112.1577606,-0.7288483],[112.1471939,-0.6801659],[112.158661,-0.6843675],[112.1611558,-0.6545038],[112.1966017,-0.6158653],[112.2181931,-0.6159344],[112.2435378,-0.6351569],[112.3022002,-0.7328732],[112.3096849,-0.7327664],[112.3293074,-0.7042329],[112.3440858,-0.7179871],[112.3652192,-0.7127047],[112.405945,-0.697223],[112.4185334,-0.678605],[112.4331131,-0.6726328],[112.4488069,-0.6794792],[112.4557344,-0.7219361],[112.4751359,-0.7316175],[112.4876862,-0.6925587],[112.5345305,-0.6995279],[112.5502013,-0.6869641],[112.5845262,-0.6908538],[112.597191,-0.685426],[112.605835,-0.6652297],[112.6274566,-0.6560411],[112.6837922,-0.652758],[112.700142,-0.6323281],[112.6991578,-0.6221584],[112.7154388,-0.6264276],[112.7431642,-0.6201621],[112.741951,-0.5827532],[112.7533417,-0.5685934],[112.7941589,-0.5665551],[112.8160019,-0.5771292],[112.8453217,-0.5719561],[112.8874968,-0.5349745],[112.9745635,-0.5107591],[112.9917528,-0.4875799],[113.0029524,-0.494042],[113.0318222,-0.4874319],[113.0623855,-0.4996517],[113.0943222,-0.4846489],[113.1105881,-0.486224],[113.1283951,-0.4537235],[113.142929,-0.4462235],[113.1522444,-0.44993],[113.1579284,-0.4689368],[113.1863555,-0.4673808],[113.1978456,-0.4797099],[113.1997147,-0.5001489],[113.2180405,-0.5032137],[113.2265473,-0.4765445],[113.2627334,-0.4368566],[113.2666016,-0.4232285],[113.2584685,-0.4026601],[113.262512,-0.3882725],[113.207962,-0.3380515],[113.2253647,-0.3299159],[113.2356643,-0.2944936],[113.2731857,-0.2688263],[113.2841264,-0.2423536],[113.3558654,-0.2193648],[113.3862228,-0.1814184],[113.3865662,-0.1643855],[113.4090652,-0.1618591],[113.4186858,-0.1409748],[113.3968734,-0.1249312],[113.4189378,-0.1122344],[113.4404906,-0.0637012],[113.417122,-0.0450644],[113.4371718,0.0153919],[113.4100494,0.0466637],[113.4110412,0.1014238],[113.4193421,0.1253806],[113.3990478,0.1432067],[113.3281631,0.1772288],[113.270958,0.2415145],[113.3150407,0.2730555],[113.3434066,0.2792854],[113.4129715,0.2640664],[113.4372406,0.2661336],[113.4609451,0.2807305],[113.5051193,0.3158246],[113.5603944,0.3793805],[113.5790712,0.3885029],[113.5855483,0.4052254],[113.6204759,0.4167143],[113.6583482,0.4432407],[113.672142,0.5044865],[113.6938781,0.5148143],[113.6988601,0.5254961],[113.7341614,0.5345084],[113.7567978,0.5655401],[113.7712936,0.5658799],[113.7761917,0.5885043],[113.8039628,0.6108169],[113.8112413,0.645287],[113.8403582,0.6681938],[113.8786697,0.6617442],[113.8892897,0.6445504],[113.9049986,0.6567346],[113.9615554,0.660922],[113.979294,0.6699259],[114.0051118,0.6546185],[114.012207,0.6668485],[114.0469132,0.6771529],[114.0657653,0.693734],[114.1081391,0.7025542],[114.1549758,0.6682371],[114.1725236,0.6248414],[114.1511231,0.6025712],[114.1482848,0.588004],[114.1867372,0.5710095],[114.1878892,0.5485538],[114.1965025,0.5424599],[114.2228776,0.5317727],[114.3155671,0.5446206],[114.3558731,0.5315515],[114.3777312,0.5097129],[114.4116745,0.4964748],[114.432907,0.5099935],[114.4275743,0.5441346],[114.4588471,0.570971],[114.4877015,0.5744891],[114.518898,0.5662026],[114.5408173,0.5977037],[114.5340652,0.617288],[114.538437,0.6313866],[114.5871428,0.6287859],[114.6040877,0.6483032],[114.6152192,0.642474],[114.6582259,0.7074734],[114.6744767,0.7091348],[114.6995543,0.7294196],[114.7056962,0.7279249],[114.6954269,0.7140103],[114.7110444,0.7073899],[114.7600404,0.7440529],[114.7836913,0.7349994],[114.8134918,0.7540142],[114.8236391,0.7525506],[114.8475038,0.7155889],[114.8764954,0.7018397],[114.8641816,0.7391291],[114.9052885,0.7754949],[114.907959,0.7953869],[114.9776536,0.7484626],[114.9899141,0.7175649],[115.0075379,0.6184609],[115.037834,0.5582442],[115.0761488,0.5127535],[115.0949858,0.4703083],[115.1359787,0.4295666],[115.1322937,0.3875512],[115.0828322,0.3342078],[115.0512466,0.3169543],[115.0500564,0.3031028],[115.0176622,0.3300752],[114.9962767,0.3215197],[114.9752502,0.3262181],[114.9550553,0.3150692],[114.9504624,0.3301806],[114.9417115,0.3335441],[114.9078676,0.3186388],[114.8897246,0.3018235],[114.88752,0.2826551],[114.8732222,0.2714306],[114.8623963,0.2381143],[114.8353499,0.2288119],[114.8258056,0.1969343],[114.8020171,0.1787844],[114.810669,0.1579091],[114.7891694,0.1165993],[114.7882615,0.0967181],[114.8088607,0.0712077],[114.8350907,0.0790809],[114.8575363,0.0579571],[114.8742601,0.0604417],[114.8950195,0.0439178],[114.8897477,0.0244843],[114.8988341,-0.0071488],[114.8956834,-0.0272764],[114.9250871,-0.0938857],[114.920082,-0.1333077],[114.9325409,-0.1580577],[114.928627,-0.1830046],[114.934532,-0.1876095],[114.9488143,-0.1893945],[114.9898298,-0.1726559],[114.992874,-0.1845866],[115.0420763,-0.189664],[115.0821076,-0.1520064],[115.1246567,-0.1353748],[115.1438828,-0.1365402],[115.1557618,-0.1016769],[115.1950302,-0.0727714],[115.2289811,-0.0718157],[115.2442778,-0.0532582],[115.300827,-0.0319117],[115.3012237,-0.0528494],[115.3214723,-0.0946875],[115.3018721,-0.12191],[115.2698746,-0.1463875],[115.271118,-0.1854056],[115.2380372,-0.237449],[115.2516175,-0.255562],[115.2529524,-0.2909185],[115.2275314,-0.297019],[115.2402955,-0.3774678],[115.2564851,-0.3818456],[115.2599868,-0.3927],[115.2598496,-0.4208525],[115.2456588,-0.4451949],[115.2961045,-0.4892994],[115.3248671,-0.5500058],[115.3523484,-0.5819735],[115.3681182,-0.6853464],[115.3688735,-0.7676605],[115.3846282,-0.8078757],[115.41024,-0.8261396],[115.4716186,-0.8352733],[115.500595,-0.8473681],[115.5777206,-0.9416579],[115.6517946,-0.9916245],[115.6735001,-1.0539201],[115.6982652,-1.0552698],[115.7436904,-1.0899499],[115.7565233,-1.1330338],[115.7670364,-1.1354374],[115.796669,-1.1109802],[115.8483506,-1.1620539],[115.7702407,-1.2299087],[115.7563019,-1.2728291],[115.7541199,-1.3102142],[115.6894682,-1.3662667],[115.6402055,-1.368874],[115.5243071,-1.4297956],[115.486763,-1.4229709],[115.4458314,-1.4350896],[115.412773,-1.4298878],[115.4005279,-1.4348902],[115.3539734,-1.6621722],[115.3102799,-1.8068834],[115.312172,-1.8277473],[115.3465117,-1.8923718],[115.3510132,-1.9304194],[115.2782287,-2.0011978],[115.2921982,-2.015595],[115.3247375,-2.0848682],[115.3250122,-2.1092143],[115.300247,-2.1444338],[115.3038636,-2.1633341],[115.2912294,-2.2262695],[115.2697284,-2.2204443],[115.2647219,-2.2261854],[115.2407931,-2.1984446],[115.2279893,-2.2242164],[115.2057647,-2.2413252],[114.913948,-2.45207],[114.8757476,-2.4640233],[114.862892,-2.4798388],[114.8677063,-2.5164669],[114.839302,-2.5579259],[114.797592,-2.5923996],[114.7894286,-2.6776044],[114.7607957,-2.7218372],[114.7167893,-2.743494],[114.680435,-2.741452],[114.6693571,-2.7547285],[114.6792755,-2.782902],[114.6643981,-2.8017976],[114.5911104,-2.8209522],[114.4976195,-3.0005851],[114.4783174,-3.1268472],[114.3976745,-3.2568274],[114.3522493,-3.4093206],[114.3498087,-3.4559235],[114.3118893,-3.450923],[114.3103862,-3.4385561],[114.2523256,-3.3971831],[114.2538357,-3.3844797],[114.2433404,-3.3685586],[114.1759716,-3.3924547],[114.111389,-3.3712909],[114.0798886,-3.3462037],[114.0677486,-3.3227309],[114.0521096,-3.3156055],[114.0454248,-3.34713],[113.96111,-3.3659074],[113.8209393,-3.4504072],[113.7236992,-3.4679389],[113.6278689,-3.464845],[113.5813162,-3.4419774],[113.6110582,-3.3963153],[113.6283285,-3.3423443],[113.6332455,-3.2969918],[113.6119774,-3.1914852],[113.6037768,-3.1662087],[113.5799136,-3.1624785],[113.5846025,-3.1413455],[113.5741238,-3.1524474],[113.562845,-3.1509299],[113.5628199,-3.1406267],[113.5541357,-3.1522393],[113.5615682,-3.1527362],[113.5469662,-3.1545753],[113.5423138,-3.1381011],[113.532073,-3.14199],[113.5341577,-3.1562807],[113.4729287,-3.1638991],[113.4470733,-3.1759399],[113.4332168,-3.1685022],[113.4327257,-3.1777771],[113.4249051,-3.17625],[113.4300622,-3.1896335],[113.4144957,-3.2182651],[113.3804039,-3.2338905],[113.3796024,-3.2572479],[113.3670358,-3.2541863],[113.37612,-3.247982],[113.3736768,-3.2442517],[113.3639517,-3.2505868],[113.3593639,-3.2616752],[113.3673314,-3.2709307],[113.3489649,-3.2662122],[113.3194589,-3.2304289],[113.3416785,-3.2794387],[113.2585546,-3.1761538],[113.2411863,-3.139051],[113.1979038,-3.0940545],[113.1608107,-3.0657888],[113.088985,-3.0352693],[113.1026939,-3.0336966],[113.0604878,-3.0105876],[113.0463456,-2.9736572],[113.033471,-2.9746858],[113.0117981,-3.0332391],[112.9960795,-3.0463138],[112.9844671,-3.0460254],[112.9424642,-3.1121401],[112.968497,-3.1584802],[112.9920105,-3.1648737],[113.0417669,-3.1302854],[112.9181146,-3.2422547],[112.6839444,-3.3626187],[112.6424264,-3.4043732],[112.5677297,-3.4327048],[112.5617215,-3.4453848],[112.5399205,-3.4429859],[112.4793481,-3.4136265],[112.4513643,-3.3908733],[112.4319696,-3.3601617],[112.3878679,-3.3372742],[112.3368844,-3.3161954],[112.2611175,-3.3132553],[112.2026453,-3.331619],[112.0452318,-3.4284389],[111.9027528,-3.5406692],[111.8435297,-3.5410119],[111.7932329,-3.5285045],[111.7781267,-3.5171962],[111.767366,-3.5035197],[111.7747873,-3.5072559],[111.7850147,-3.4903264],[111.8129586,-3.4173964],[111.8160529,-3.3033868],[111.7985391,-3.2021494],[111.8212239,-3.0856421],[111.8225972,-3.0299316],[111.8035428,-2.9783326],[111.7691177,-2.9344877],[111.7617777,-2.9074281],[111.7085915,-2.8506457],[111.6696469,-2.8946718],[111.6905896,-2.920045],[111.7065541,-2.9042726],[111.6911046,-2.9426747],[111.6342847,-2.9587894],[111.5990941,-2.9887897],[111.5558354,-3.0095323],[111.5481416,-3.0232929],[111.5270249,-2.97886],[111.4891066,-2.9448516],[111.4101478,-2.9067383],[111.3862404,-2.9209677],[111.360176,-2.9081516],[111.343014,-2.9091501],[111.1765619,-2.9976669],[111.0593531,-3.0447931],[110.9713208,-3.0667699],[110.8521104,-3.0118271],[110.8007582,-2.9770285],[110.7364834,-2.9895525],[110.73136565951526,-2.997005049163093],[110.7486115,-2.9520359]]]]}},{"type":"Feature","properties":{"country_code":"ID","admin1":"Kalimantan Timur"},"geometry":{"type":"MultiPolygon","coordinates":[[[[116.7326376,-1.1183224],[116.7251453,-1.132045],[116.7171239,-1.1252276],[116.7176725,-1.1106861],[116.7326376,-1.1183224]]],[[[117.5077968,-0.7073292],[117.4995386,-0.7022174],[117.5166448,-0.6974005],[117.5232317,-0.702709],[117.5077968,-0.7073292]]],[[[115.8409958,-1.1714454],[115.8470003,-1.1547323],[115.796669,-1.1109802],[115.7670364,-1.1354374],[115.7565233,-1.1330338],[115.7436904,-1.0899499],[115.6982652,-1.0552698],[115.6735001,-1.0539201],[115.6517946,-0.9916245],[115.5777206,-0.9416579],[115.500595,-0.8473681],[115.3898773,-0.8156454],[115.3688735,-0.7676605],[115.3681182,-0.6853464],[115.3523484,-0.5819735],[115.3248671,-0.5500058],[115.2961045,-0.4892994],[115.2456588,-0.4451949],[115.2598496,-0.4208525],[115.2599868,-0.3927],[115.2564851,-0.3818456],[115.2402955,-0.3774678],[115.2275314,-0.297019],[115.2529524,-0.2909185],[115.2516175,-0.255562],[115.2380372,-0.237449],[115.271118,-0.1854056],[115.2698746,-0.1463875],[115.3018721,-0.12191],[115.3214723,-0.0946875],[115.3012237,-0.0528494],[115.300827,-0.0319117],[115.2442778,-0.0532582],[115.2289811,-0.0718157],[115.1950302,-0.0727714],[115.1557618,-0.1016769],[115.1438828,-0.1365402],[115.1246567,-0.1353748],[115.0821076,-0.1520064],[115.0420763,-0.189664],[114.992874,-0.1845866],[114.9898298,-0.1726559],[114.9488143,-0.1893945],[114.934532,-0.1876095],[114.928627,-0.1830046],[114.9325409,-0.1580577],[114.920082,-0.1333077],[114.9250871,-0.0938857],[114.8956834,-0.0272764],[114.8988341,-0.0071488],[114.8897477,0.0244843],[114.8950195,0.0439178],[114.8742601,0.0604417],[114.8575363,0.0579571],[114.8350907,0.0790809],[114.8088607,0.0712077],[114.7882615,0.0967181],[114.7891694,0.1165993],[114.810669,0.1579091],[114.8020171,0.1787844],[114.8258056,0.1969343],[114.8353499,0.2288119],[114.8623963,0.2381143],[114.8732222,0.2714306],[114.88752,0.2826551],[114.8897246,0.3018235],[114.9078676,0.3186388],[114.9417115,0.3335441],[114.9504624,0.3301806],[114.9550553,0.3150692],[114.9752502,0.3262181],[114.9962767,0.3215197],[115.0176622,0.3300752],[115.0500564,0.3031028],[115.0512466,0.3169543],[115.0828322,0.3342078],[115.1322937,0.3875512],[115.1359787,0.4295666],[115.0949858,0.4703083],[115.0761488,0.5127535],[115.037834,0.5582442],[115.0075379,0.6184609],[114.9899141,0.7175649],[114.9776536,0.7484626],[114.907959,0.7953869],[114.9052885,0.7754949],[114.8641816,0.7391291],[114.8764954,0.7018397],[114.8475038,0.7155889],[114.8236391,0.7525506],[114.8134918,0.7540142],[114.7836913,0.7349994],[114.7600404,0.7440529],[114.7110444,0.7073899],[114.6954269,0.7140103],[114.7056962,0.7279249],[114.6995543,0.7294196],[114.6744767,0.7091348],[114.6582259,0.7074734],[114.6152192,0.642474],[114.6040877,0.6483032],[114.5871428,0.6287859],[114.538437,0.6313866],[114.5340652,0.617288],[114.5408173,0.5977037],[114.518898,0.5662026],[114.4877015,0.5744891],[114.4588471,0.570971],[114.4275743,0.5441346],[114.432907,0.5099935],[114.4116745,0.4964748],[114.3777312,0.5097129],[114.3558731,0.5315515],[114.3155671,0.5446206],[114.2925185,0.5371213],[114.2753753,0.5425558],[114.2615358,0.5332303],[114.2122421,0.5346553],[114.1878892,0.5485538],[114.1867372,0.5710095],[114.1482848,0.588004],[114.1511231,0.6025712],[114.1725236,0.6248414],[114.1652754,0.6473815],[114.1460647,0.6770429],[114.1081391,0.7025542],[114.0657653,0.693734],[114.0469132,0.6771529],[114.012207,0.6668485],[114.0051118,0.6546185],[113.979294,0.6699259],[113.9615554,0.660922],[113.9049986,0.6567346],[113.8892897,0.6445504],[113.8786697,0.6617442],[113.8403582,0.6681938],[113.8359298,0.6824271],[113.8436586,0.7056457],[113.8747482,0.7127877],[113.8948517,0.7385683],[113.8888015,0.7870907],[113.9208296,0.8196207],[113.9262239,0.8375931],[113.8745804,0.8927728],[113.8800737,0.9279569],[113.9078293,0.9542002],[113.9182967,0.9866899],[113.9154206,1.0078625],[113.8922424,1.0229262],[113.8941954,1.0518237],[113.9058302,1.0610694],[113.9415437,1.0627583],[113.9587708,1.1143785],[113.9791183,1.1270627],[113.9861146,1.1442124],[114.0017015,1.1480592],[114.0121764,1.138863],[114.0299989,1.1472143],[114.0464401,1.1324569],[114.0803147,1.1616226],[114.0989839,1.1486473],[114.1167298,1.1543487],[114.1397248,1.198879],[114.1259688,1.2237125],[114.1416702,1.2538608],[114.1607668,1.2663639],[114.1417084,1.2925983],[114.1531297,1.3127968],[114.1523057,1.3845645],[114.223476,1.416183],[114.24007,1.447183],[114.301106,1.456316],[114.309724,1.470401],[114.382529,1.492429],[114.38716,1.515937],[114.409349,1.520857],[114.474597,1.474582],[114.496207,1.477476],[114.536987,1.435199],[114.56218,1.432159],[114.5740996,1.4152292],[114.5751615,1.3956514],[114.6000412,1.3944999],[114.6154758,1.3638699],[114.6758321,1.3523548],[114.6974866,1.3576518],[114.7012732,1.341928],[114.7120373,1.3371359],[114.725629,1.3129538],[114.7174132,1.283471],[114.7224813,1.2680402],[114.7565757,1.2553731],[114.7863637,1.2158776],[114.8440283,1.1696257],[114.853802,1.1692999],[114.8599919,1.1902414],[114.8941998,1.2145073],[114.9369857,1.18171],[114.9899702,1.1916137],[114.9934257,1.1589084],[115.001719,1.1552233],[115.0150803,1.1241298],[115.0457554,1.1149225],[115.0676403,1.1234445],[115.0966666,1.118147],[115.1303003,1.1298935],[115.1418186,1.118838],[115.176696,1.1169367],[115.1962338,1.0914988],[115.193239,1.0698481],[115.2049877,1.0638596],[115.2870434,1.0460018],[115.3013262,1.05176],[115.3098498,1.0681133],[115.3303525,1.0591305],[115.372049,1.066501],[115.3828683,1.1012803],[115.4001459,1.1047352],[115.4175109,1.1266678],[115.4133643,1.138184],[115.4246523,1.1478575],[115.4251131,1.1621374],[115.4126834,1.1720833],[115.4106101,1.1872843],[115.4276573,1.1985699],[115.4360324,1.2234169],[115.5018417,1.2559881],[115.6383472,1.286279],[115.7184913,1.2683651],[115.7771333,1.3579335],[115.8103637,1.3738926],[115.8452231,1.3794294],[115.8680283,1.4087417],[115.860861,1.4328427],[115.8686799,1.4445674],[115.8898562,1.449127],[115.9230866,1.4807182],[115.9592492,1.4882088],[115.9706518,1.5077494],[115.970326,1.5243588],[115.9820544,1.5354317],[116.0133301,1.5269642],[116.0478078,1.5559489],[116.0533463,1.5878642],[116.0438984,1.6061013],[116.0588847,1.6266178],[116.0761515,1.6344336],[116.0859251,1.6598346],[116.1113367,1.666999],[116.135445,1.6608116],[116.1442413,1.6969586],[116.1683497,1.7409203],[116.1676981,1.7663199],[116.1960417,1.8467498],[116.1856165,1.8630307],[116.183336,1.893964],[116.2032091,1.9512705],[116.2038607,1.9893653],[116.2370911,2.0160636],[116.2406748,2.0440639],[116.2273175,2.0642498],[116.227969,2.0909469],[116.2641316,2.1091788],[116.2970363,2.1033186],[116.305181,2.1101555],[116.3011086,2.1236665],[116.3226107,2.1223643],[116.3550267,2.156711],[116.3543751,2.1759188],[116.3204931,2.2031023],[116.2996426,2.2332152],[116.3120226,2.2610487],[116.3384114,2.2895328],[116.4043837,2.2942529],[116.4226278,2.3054836],[116.4644917,2.2796041],[116.4855051,2.2864403],[116.4845277,2.3163887],[116.5110795,2.3461737],[116.5117311,2.3816544],[116.4969077,2.3976042],[116.5052153,2.4093223],[116.5000027,2.4415465],[116.5092877,2.4579838],[116.5346992,2.4478936],[116.5726536,2.4534269],[116.6009972,2.4260854],[116.6283635,2.4187618],[116.6405805,2.4306424],[116.6488882,2.4570073],[116.7414122,2.5320304],[116.755584,2.5170587],[116.7813213,2.4487073],[116.7919094,2.3961394],[116.8114568,2.3787248],[116.8321444,2.3959767],[116.8617911,2.4643308],[116.9064242,2.4786521],[116.9626228,2.5102237],[117.0373913,2.5235682],[117.0724136,2.5811756],[117.0945672,2.5976111],[117.1500942,2.5980925],[117.1846493,2.5856654],[117.2523774,2.5783011],[117.3164195,2.6056868],[117.3926711,2.5983226],[117.4154775,2.6086785],[117.4693835,2.5520656],[117.5004831,2.541249],[117.5149963,2.5246787],[117.5610698,2.5216868],[117.587562,2.5025847],[117.6078343,2.5221471],[117.63018,2.5189251],[117.6587456,2.4742762],[117.6891541,2.4445862],[117.6999813,2.4146654],[117.7230181,2.3990142],[117.7375312,2.3474562],[117.7635627,2.3285817],[117.7810707,2.3364078],[117.8269138,2.3267403],[117.8423484,2.3564329],[117.8764428,2.3921092],[117.9172178,2.3994745],[117.9508515,2.384974],[117.9524641,2.4020064],[117.9745793,2.4245623],[117.9962339,2.4270941],[118.0014853,2.4351915],[117.9994385,2.4148637],[118.0227534,2.3893355],[118.0143856,2.3830172],[118.0243503,2.3583182],[118.0391697,2.3629134],[118.0451102,2.3800815],[118.0676174,2.3575124],[118.0812004,2.3245557],[118.0879074,2.3255131],[118.1022803,2.2845029],[118.0214416,2.197349],[117.9365143,2.178984],[117.9253113,2.1403983],[117.9561048,2.1308028],[117.9574551,2.1198148],[117.913845,2.0984895],[117.9078018,2.0405579],[117.8583633,2.0230594],[117.8446304,2.0261474],[117.8453979,2.0426952],[117.8045907,2.0253674],[117.7608597,2.0189421],[117.8391372,2.0079625],[117.8641173,1.965659],[117.8788401,1.9728808],[117.8717529,1.9043395],[117.8617965,1.8930161],[117.8607439,1.8740133],[117.8714096,1.8813494],[117.8921184,1.8714349],[117.8880619,1.8564388],[117.8983109,1.8367358],[117.9363791,1.802054],[117.9691015,1.7902092],[118.0488193,1.7825616],[118.0666882,1.7595844],[118.0532664,1.7298063],[118.1342224,1.6350213],[118.1647698,1.6279874],[118.1774538,1.6092737],[118.2335103,1.568866],[118.3021162,1.5367749],[118.3002009,1.5306484],[118.3799291,1.4962957],[118.3860578,1.5007266],[118.3886844,1.4923025],[118.3759892,1.4863946],[118.4106274,1.4868869],[118.4100255,1.4597544],[118.4185619,1.4604109],[118.423368,1.448186],[118.4168044,1.4393195],[118.3874952,1.4345687],[118.3757851,1.4255386],[118.4276098,1.4325925],[118.4159887,1.4280937],[118.4309787,1.422431],[118.4243783,1.4082698],[118.4839205,1.3832361],[118.4907041,1.3774591],[118.4804868,1.3648166],[118.4852604,1.3630584],[118.5077889,1.3761195],[118.5176068,1.3751883],[118.5157451,1.3562766],[118.5308199,1.363477],[118.5660789,1.3621588],[118.6054971,1.3223388],[118.7140049,1.2492288],[118.7692839,1.1967708],[118.763819,1.159319],[118.7224046,1.1554246],[118.7575769,1.1474304],[118.7561011,1.1524472],[118.7748495,1.1477835],[118.7743883,1.1561492],[118.7884878,1.1363217],[118.7799227,1.1399447],[118.7766943,1.1331598],[118.8310224,1.0983024],[118.8265957,1.0915092],[118.8363357,1.0528881],[118.846979,1.0464267],[118.8576131,1.0510153],[118.8702613,1.067572],[118.9180118,1.0648509],[118.9462392,1.0584516],[118.9682373,1.0364142],[118.9778596,1.0365626],[118.9859562,1.0243999],[118.9792647,1.0057696],[118.9873105,0.9877323],[118.9651661,0.9427955],[118.9313948,0.9132341],[118.9080699,0.9041916],[118.8938435,0.8751199],[118.8557561,0.8770724],[118.8247283,0.8427869],[118.8245994,0.8297071],[118.812698,0.8253283],[118.8161439,0.8190488],[118.7923881,0.8007623],[118.7872174,0.8037076],[118.7951218,0.8120563],[118.767668,0.8038424],[118.724125,0.8233707],[118.7099813,0.812997],[118.6977064,0.8450776],[118.6699676,0.8564468],[118.6518536,0.8455346],[118.6212793,0.844969],[118.5922471,0.8114556],[118.5529006,0.8154898],[118.5490328,0.8101976],[118.4497829,0.8371509],[118.3857693,0.8020994],[118.3461418,0.8127673],[118.3400453,0.8401989],[118.3066957,0.8521497],[118.2007373,0.8692045],[118.0634286,0.9038026],[118.0520117,0.9128143],[118.0567618,0.9395355],[118.0464294,0.9492167],[118.0095188,0.9589629],[118.0073585,0.9858336],[118.0053171,0.9915464],[117.9987355,0.9932032],[117.9843793,0.9902249],[117.9860243,0.9780807],[117.9730176,0.9754033],[117.9702441,0.9555135],[117.9790855,0.9459348],[117.9771561,0.9311455],[118.0239531,0.8564722],[118.0285689,0.8317592],[118.0202236,0.8173055],[118.0218628,0.8040438],[118.0300591,0.8019577],[118.0301177,0.7813596],[117.9677772,0.7772552],[117.9594224,0.7937623],[117.9223157,0.807173],[117.9158415,0.8363042],[117.8880713,0.8282379],[117.8734695,0.8077473],[117.8096115,0.7964187],[117.7543365,0.7552238],[117.7197225,0.7076113],[117.7101064,0.6242766],[117.6733543,0.6165146],[117.6593947,0.5636934],[117.6339685,0.5153037],[117.6056516,0.4879232],[117.6005848,0.4684726],[117.6130077,0.4371119],[117.6057373,0.4200062],[117.5854217,0.4036798],[117.5720095,0.4043053],[117.5751427,0.4132035],[117.5648656,0.4246083],[117.5536301,0.4218796],[117.564615,0.4193446],[117.5570951,0.4076891],[117.563863,0.4078145],[117.5667456,0.3917725],[117.5531716,0.3609363],[117.55227,0.3351331],[117.5424697,0.3173662],[117.5217178,0.3206928],[117.5341684,0.2863446],[117.5261119,0.2856231],[117.5164921,0.26939],[117.5223842,0.2628968],[117.5167326,0.2610931],[117.5294788,0.2598906],[117.5164921,0.2432968],[117.5277953,0.2352403],[117.5278345,0.2214974],[117.5186475,0.1984122],[117.4926853,0.1854045],[117.5057511,0.1753135],[117.486969,0.1757801],[117.4908904,0.1657571],[117.4784082,0.157735],[117.4877509,0.1598493],[117.488081,0.1495725],[117.4951234,0.1588687],[117.4946593,0.1482727],[117.5081767,0.1593874],[117.5222772,0.1249762],[117.5063651,0.1069945],[117.4924087,0.1154586],[117.4862334,0.1057854],[117.4782081,0.1099814],[117.4829028,0.1019653],[117.4918973,0.1054686],[117.50077,0.1012649],[117.4977063,0.0981303],[117.4942403,0.1024804],[117.4925191,0.0987488],[117.4870335,0.1023654],[117.4825695,0.1016604],[117.477636,0.1037415],[117.4767076,0.0932398],[117.4857943,0.0920064],[117.4855536,0.0854271],[117.4904881,0.0903616],[117.4862757,0.0834108],[117.4789883,0.0819914],[117.4754499,0.095428],[117.4577513,0.1008565],[117.4772189,0.0831194],[117.4749592,0.0551124],[117.467342,0.0463198],[117.475125,0.0458669],[117.4869135,0.0630316],[117.4882972,0.0573242],[117.5092026,0.0639109],[117.5121428,0.0576701],[117.4896808,0.0412397],[117.4917562,0.0284413],[117.5023063,0.0395102],[117.5144129,0.036397],[117.5192555,0.0253281],[117.5064571,0.0023255],[117.5187263,-0.0310138],[117.4780717,-0.0745766],[117.4427864,-0.2017453],[117.4247052,-0.2220548],[117.4322983,-0.2112734],[117.4319103,-0.2040567],[117.4267111,-0.2060743],[117.4167008,-0.2232236],[117.4256403,-0.2745969],[117.4517295,-0.3035968],[117.4465362,-0.3183995],[117.452682,-0.352257],[117.4767067,-0.3292384],[117.4917902,-0.3293244],[117.4939151,-0.3458877],[117.5255714,-0.3509218],[117.53976,-0.3726277],[117.5303763,-0.3835246],[117.5574968,-0.4332686],[117.6020666,-0.4064408],[117.6277147,-0.4242895],[117.618576,-0.4629733],[117.5809011,-0.4847369],[117.5880333,-0.5176459],[117.5798773,-0.5760643],[117.5536776,-0.5978713],[117.5501951,-0.6177843],[117.56901,-0.6255635],[117.5626118,-0.6489935],[117.5247975,-0.6530514],[117.5293889,-0.6893843],[117.4941772,-0.692892],[117.4720104,-0.6830434],[117.4620909,-0.6936831],[117.5152211,-0.7363078],[117.5504782,-0.7270505],[117.5937771,-0.7357865],[117.6047109,-0.726781],[117.6165295,-0.751084],[117.6119461,-0.7732799],[117.6007463,-0.7873455],[117.5614924,-0.7829263],[117.5524859,-0.8049148],[117.5297359,-0.8126951],[117.5133224,-0.8093642],[117.4880979,-0.8398512],[117.4463422,-0.8058453],[117.4299535,-0.8275258],[117.4472418,-0.8883138],[117.4418681,-0.8930586],[117.424725,-0.8808947],[117.4118686,-0.8863432],[117.405865,-0.8750662],[117.3642292,-0.8894032],[117.3399129,-0.9116207],[117.3289784,-0.9042934],[117.3148404,-0.8711202],[117.2947592,-0.8713795],[117.2779792,-0.8782264],[117.2775442,-0.8867082],[117.2482983,-0.9097918],[117.1973418,-0.932043],[117.1560423,-0.9696151],[117.0657382,-1.1061009],[117.0226665,-1.1405983],[117.0039475,-1.1963632],[116.9778476,-1.2170891],[116.967677,-1.2133868],[116.9721977,-1.2241168],[116.9328727,-1.2534347],[116.8839707,-1.2767525],[116.8109694,-1.2822707],[116.8053214,-1.2733786],[116.8220228,-1.2383541],[116.8091482,-1.222479],[116.8186754,-1.2181027],[116.8122381,-1.2059174],[116.8193032,-1.2007116],[116.8069166,-1.201112],[116.7977327,-1.2163864],[116.783914,-1.2123533],[116.7888063,-1.1739953],[116.7809957,-1.1464493],[116.7462929,-1.1143324],[116.7510408,-1.106889],[116.7290682,-1.1020834],[116.738767,-1.081831],[116.7376512,-1.0574594],[116.756113,-1.030611],[116.7528433,-1.0144651],[116.7836129,-0.9799938],[116.7768758,-0.9794515],[116.7356493,-1.024336],[116.7396536,-1.0377909],[116.7298026,-1.0383308],[116.7287151,-1.0672065],[116.7173778,-1.0679296],[116.7273658,-1.0747706],[116.7208627,-1.0968487],[116.7146711,-1.09605],[116.7058674,-1.0863351],[116.7013028,-1.0858839],[116.7139169,-1.1052343],[116.7045292,-1.1060576],[116.7084593,-1.11542],[116.7023412,-1.1220585],[116.7300037,-1.1407255],[116.7332138,-1.1526794],[116.749232,-1.1573095],[116.7461077,-1.1788399],[116.7666556,-1.1869664],[116.7423741,-1.2079217],[116.7098185,-1.215782],[116.7470948,-1.219489],[116.7785517,-1.2447861],[116.7589652,-1.2875193],[116.7634713,-1.3173549],[116.754502,-1.3313673],[116.7615401,-1.3380088],[116.7617804,-1.3584824],[116.7488371,-1.3710959],[116.5903389,-1.4260117],[116.5451476,-1.4584379],[116.5356791,-1.4741021],[116.5329756,-1.5045448],[116.5485049,-1.5341359],[116.5594637,-1.6011611],[116.5351657,-1.6208146],[116.4825489,-1.6464607],[116.4350737,-1.6551064],[116.3837544,-1.6851741],[116.3150917,-1.7006488],[116.3090818,-1.7253178],[116.2838216,-1.7305368],[116.2788824,-1.752118],[116.2504569,-1.7809953],[116.2093697,-1.7764709],[116.2183021,-1.794615],[116.2644883,-1.8096666],[116.3461961,-1.7746863],[116.3613663,-1.7771546],[116.387629,-1.7581443],[116.3972854,-1.7697247],[116.451272,-1.7687464],[116.4523841,-1.8126777],[116.4206615,-1.8638524],[116.4416888,-1.8729591],[116.4574727,-1.9166856],[116.4602886,-2.0507635],[116.4553342,-2.0654681],[116.3925054,-2.0843316],[116.3487718,-2.1135064],[116.3569752,-2.1239535],[116.3917009,-2.1160899],[116.3888849,-2.1269438],[116.4353476,-2.1327728],[116.4663881,-2.1292692],[116.5037974,-2.1086545],[116.5242028,-2.1508778],[116.5181254,-2.165028],[116.5465299,-2.1677852],[116.5527665,-2.1748055],[116.5456559,-2.2090569],[116.5686892,-2.1983686],[116.5818163,-2.1766274],[116.5792638,-2.1663033],[116.5867781,-2.1692926],[116.5957335,-2.1961216],[116.5911147,-2.2533273],[116.55382611470193,-2.41914538446844],[116.4821472,-2.3844658],[116.4347532,-2.3708151],[116.3580091,-2.3571577],[116.2437742,-2.3620108],[116.197975,-2.3355757],[116.0571135,-2.3311663],[116.0337735,-2.3206875],[116.0114324,-2.3248478],[115.9669112,-2.2926219],[115.9589689,-2.2983254],[115.9598923,-2.3196497],[115.9340817,-2.3246761],[115.917984,-2.3445107],[115.8958969,-2.338402],[115.8883282,-2.3791736],[115.8735045,-2.3766111],[115.8522184,-2.3969264],[115.8355864,-2.3866929],[115.8240279,-2.3583003],[115.8279343,-2.3404555],[115.8161619,-2.3245321],[115.8362654,-2.3013215],[115.8177718,-2.2937348],[115.803711,-2.2649136],[115.8090742,-2.2451628],[115.7865523,-2.2179477],[115.7812041,-2.1977113],[115.7903974,-2.1756785],[115.791786,-2.1044329],[115.8120421,-2.0922004],[115.818283,-2.0663019],[115.7887573,-2.0510945],[115.7353592,-2.057582],[115.7064894,-2.0357745],[115.7296521,-2.0077212],[115.7172087,-1.9920231],[115.6999892,-1.9866991],[115.7246017,-1.9354987],[115.7219085,-1.9206195],[115.7319792,-1.8894728],[115.7317045,-1.8633481],[115.7219467,-1.8476086],[115.7283093,-1.8314493],[115.726631,-1.7870381],[115.7007294,-1.7489037],[115.7010422,-1.7307824],[115.6867293,-1.7315303],[115.6673203,-1.7065714],[115.676506,-1.6584683],[115.6684186,-1.639051],[115.6515732,-1.6422728],[115.6290512,-1.606223],[115.6367185,-1.5468505],[115.6130751,-1.535115],[115.6002958,-1.5473674],[115.5816421,-1.5236666],[115.5527341,-1.5439436],[115.5368498,-1.5316858],[115.5433579,-1.491012],[115.571106,-1.4830586],[115.5909423,-1.442386],[115.6162946,-1.4271677],[115.6473615,-1.3877865],[115.6628415,-1.3852047],[115.6745527,-1.394391],[115.6541443,-1.4217699],[115.6711424,-1.4437683],[115.7078322,-1.4149392],[115.7231901,-1.3773437],[115.7451019,-1.3601492],[115.7450482,-1.3332017],[115.7562961,-1.303257],[115.7563019,-1.2728291],[115.7702407,-1.2299087],[115.8409958,-1.1714454]]],[[[117.9982954,0.7370503],[118.0116388,0.7450929],[118.0212628,0.736446],[118.0200539,0.7185942],[118.013266,0.7132945],[118.0028517,0.7182223],[117.9982954,0.7370503]]],[[[117.9922711,0.9255711],[117.9985993,0.938412],[118.0088361,0.929169],[118.010201,0.9036732],[118.0039969,0.9001993],[117.9922711,0.9255711]]],[[[117.9991113,0.9676738],[117.997731,0.9921704],[118.0059066,0.9897582],[118.0078178,0.964197],[117.9991113,0.9676738]]],[[[118.0254237,0.8829079],[118.0144585,0.894599],[118.019046,0.8973959],[118.0254237,0.8829079]]],[[[118.481408,1.4319633],[118.4669194,1.4407542],[118.4582933,1.4635266],[118.4701856,1.4657871],[118.4724469,1.4564102],[118.4973203,1.443517],[118.4912904,1.4377402],[118.4940541,1.4220003],[118.5294799,1.3904364],[118.5040202,1.3806406],[118.4805705,1.3895992],[118.4711906,1.402995],[118.4651607,1.4248468],[118.481408,1.4319633]]],[[[118.505524,2.1363212],[118.5140024,2.1599634],[118.525307,2.1620613],[118.537419,2.1616579],[118.5614815,2.1159063],[118.5384687,2.137935],[118.505524,2.1363212]]],[[[118.5634798,2.2420552],[118.5603508,2.2831031],[118.5690311,2.3122495],[118.6372622,2.2525442],[118.6317109,2.249216],[118.5971916,2.271505],[118.5697377,2.3046856],[118.5640854,2.2766485],[118.5854833,2.2254138],[118.6531088,2.1632843],[118.6038532,2.1986864],[118.6091018,2.1887013],[118.5973935,2.1950554],[118.5634798,2.2420552]]],[[[118.2154387,2.3483011],[118.1947473,2.3771688],[118.2010557,2.3844801],[118.2217471,2.3593944],[118.2154387,2.3483011]]]]}},{"type":"Feature","properties":{"country_code":"ID","admin1":"Kalimantan Utara"},"geometry":{"type":"MultiPolygon","coordinates":[[[[117.9508515,2.384974],[117.9172178,2.3994745],[117.8764428,2.3921092],[117.8423484,2.3564329],[117.8269138,2.3267403],[117.7810707,2.3364078],[117.7635627,2.3285817],[117.7375312,2.3474562],[117.7230181,2.3990142],[117.6999813,2.4146654],[117.6891541,2.4445862],[117.6587456,2.4742762],[117.63018,2.5189251],[117.6078343,2.5221471],[117.587562,2.5025847],[117.5610698,2.5216868],[117.5149963,2.5246787],[117.5004831,2.541249],[117.4693835,2.5520656],[117.4154775,2.6086785],[117.3926711,2.5983226],[117.3164195,2.6056868],[117.2523774,2.5783011],[117.1846493,2.5856654],[117.1500942,2.5980925],[117.0945672,2.5976111],[117.0724136,2.5811756],[117.0373913,2.5235682],[116.9626228,2.5102237],[116.9064242,2.4786521],[116.8617911,2.4643308],[116.8321444,2.3959767],[116.8114568,2.3787248],[116.7919094,2.3961394],[116.7813213,2.4487073],[116.755584,2.5170587],[116.7414122,2.5320304],[116.6488882,2.4570073],[116.6405805,2.4306424],[116.6283635,2.4187618],[116.6009972,2.4260854],[116.5726536,2.4534269],[116.5346992,2.4478936],[116.5092877,2.4579838],[116.5000027,2.4415465],[116.5052153,2.4093223],[116.4969077,2.3976042],[116.5117311,2.3816544],[116.5110795,2.3461737],[116.4845277,2.3163887],[116.4855051,2.2864403],[116.4644917,2.2796041],[116.4226278,2.3054836],[116.4043837,2.2942529],[116.3384114,2.2895328],[116.3120226,2.2610487],[116.2996426,2.2332152],[116.3204931,2.2031023],[116.3543751,2.1759188],[116.3550267,2.156711],[116.3226107,2.1223643],[116.3011086,2.1236665],[116.305181,2.1101555],[116.2970363,2.1033186],[116.2641316,2.1091788],[116.227969,2.0909469],[116.2273175,2.0642498],[116.2406748,2.0440639],[116.2370911,2.0160636],[116.2038607,1.9893653],[116.2032091,1.9512705],[116.183336,1.893964],[116.1856165,1.8630307],[116.1960417,1.8467498],[116.1676981,1.7663199],[116.1683497,1.7409203],[116.1442413,1.6969586],[116.135445,1.6608116],[116.1113367,1.666999],[116.0859251,1.6598346],[116.0761515,1.6344336],[116.0588847,1.6266178],[116.0438984,1.6061013],[116.0533463,1.5878642],[116.0478078,1.5559489],[116.0133301,1.5269642],[115.9820544,1.5354317],[115.970326,1.5243588],[115.9706518,1.5077494],[115.9592492,1.4882088],[115.9230866,1.4807182],[115.8898562,1.449127],[115.8686799,1.4445674],[115.860861,1.4328427],[115.8680283,1.4087417],[115.8452231,1.3794294],[115.8103637,1.3738926],[115.7771333,1.3579335],[115.7184913,1.2683651],[115.6383472,1.286279],[115.5018417,1.2559881],[115.4360324,1.2234169],[115.4276573,1.1985699],[115.4106101,1.1872843],[115.4126834,1.1720833],[115.4251131,1.1621374],[115.4246523,1.1478575],[115.4133643,1.138184],[115.4175109,1.1266678],[115.4001459,1.1047352],[115.3828683,1.1012803],[115.3780306,1.0736412],[115.3639862,1.0623551],[115.3303525,1.0591305],[115.3098498,1.0681133],[115.2953366,1.0483051],[115.2641922,1.046585],[115.193239,1.0698481],[115.1962338,1.0914988],[115.1716463,1.1192168],[115.1418186,1.118838],[115.1303003,1.1298935],[115.0966666,1.118147],[115.0676403,1.1234445],[115.0457554,1.1149225],[115.0206091,1.1222873],[114.9934257,1.1589084],[114.9899702,1.1916137],[114.9369857,1.18171],[114.8941998,1.2145073],[114.8599919,1.1902414],[114.853802,1.1692999],[114.8440283,1.1696257],[114.7863637,1.2158776],[114.7565757,1.2553731],[114.7224813,1.2680402],[114.7174132,1.283471],[114.725629,1.3129538],[114.7120373,1.3371359],[114.7012732,1.341928],[114.6974866,1.3576518],[114.6758321,1.3523548],[114.6154758,1.3638699],[114.6000412,1.3944999],[114.5751615,1.3956514],[114.5740996,1.4152292],[114.56412,1.426394],[114.585832,1.446654],[114.591783,1.475117],[114.611,1.500762],[114.61228,1.521822],[114.604145,1.531051],[114.616686,1.556777],[114.614209,1.574207],[114.648779,1.589578],[114.711149,1.671484],[114.718224,1.728146],[114.704525,1.762137],[114.713272,1.770112],[114.714011,1.785323],[114.706969,1.803202],[114.691855,1.808154],[114.726135,1.832595],[114.716295,1.856295],[114.743725,1.869543],[114.766461,1.851278],[114.79193,1.850281],[114.816434,1.893051],[114.854509,1.896588],[114.878692,1.915208],[114.847595,1.952575],[114.848303,1.97158],[114.867919,1.989363],[114.870331,2.013836],[114.880525,2.01763],[114.878745,2.03859],[114.856358,2.045704],[114.808797,2.022807],[114.793103,2.05027],[114.792396,2.060175],[114.807896,2.064066],[114.793489,2.085579],[114.810469,2.100404],[114.780241,2.144541],[114.779485,2.199211],[114.790258,2.204017],[114.790965,2.225401],[114.803442,2.239937],[114.799825,2.250538],[114.816035,2.266434],[114.830207,2.254166],[114.863978,2.27199],[114.88437,2.262402],[114.89238,2.271265],[114.905238,2.257226],[114.914757,2.259317],[114.934984,2.283403],[114.954729,2.282985],[114.966466,2.295237],[114.946271,2.319098],[114.958234,2.36846],[114.970229,2.369939],[114.993688,2.351031],[115.002917,2.364601],[115.022083,2.368299],[115.033885,2.394186],[115.048163,2.389266],[115.04633,2.4075],[115.09074,2.405602],[115.099455,2.442873],[115.135471,2.476028],[115.180299,2.481848],[115.194706,2.471333],[115.237426,2.505989],[115.232797,2.536034],[115.212184,2.539089],[115.20765,2.563208],[115.186007,2.579158],[115.171601,2.606299],[115.146035,2.60437],[115.128895,2.582695],[115.10989,2.581023],[115.102172,2.597938],[115.086801,2.604176],[115.087733,2.620256],[115.117157,2.647171],[115.106738,2.67383],[115.111851,2.68515],[115.092075,2.698431],[115.100693,2.716922],[115.141147,2.74432],[115.137544,2.772024],[115.152945,2.786702],[115.142343,2.802575],[115.124099,2.800124],[115.089701,2.823242],[115.113873,2.833274],[115.151115,2.872227],[115.151546,2.913823],[115.168976,2.929016],[115.187222,2.931132],[115.209404,2.955745],[115.228659,2.955686],[115.249122,2.966703],[115.255484,2.994893],[115.275911,3.019899],[115.285465,3.049621],[115.322764,3.01188],[115.327694,2.979844],[115.335026,2.973734],[115.406385,2.98232],[115.429102,3.017161],[115.439213,3.015225],[115.453258,3.028477],[115.483647,3.014589],[115.519564,3.057923],[115.513679,3.093714],[115.51905,3.113556],[115.529244,3.117672],[115.539309,3.143752],[115.554487,3.142658],[115.567383,3.162243],[115.564231,3.171086],[115.521719,3.1935],[115.521751,3.220255],[115.53172,3.226976],[115.532556,3.239775],[115.516172,3.259402],[115.529468,3.284568],[115.522475,3.299378],[115.524817,3.320044],[115.541114,3.329949],[115.538171,3.363336],[115.550608,3.394635],[115.572886,3.419383],[115.579626,3.450207],[115.603961,3.447643],[115.618518,3.409477],[115.65222,3.439953],[115.634625,3.454827],[115.610953,3.512553],[115.61472,3.544329],[115.605984,3.576073],[115.590634,3.578637],[115.576107,3.610793],[115.583291,3.6332],[115.573638,3.647949],[115.57886,3.665832],[115.573955,3.679979],[115.585253,3.705014],[115.576328,3.719667],[115.57943,3.746949],[115.5894,3.75597],[115.591299,3.780972],[115.614023,3.824205],[115.619562,3.868863],[115.616967,3.875858],[115.602376,3.876142],[115.596267,3.89029],[115.583608,3.884688],[115.558352,3.919186],[115.568574,3.920484],[115.581012,3.94153],[115.616238,3.937828],[115.641812,3.965616],[115.653076,4.035767],[115.677495,4.090269],[115.673859,4.114879],[115.684691,4.136083],[115.684538,4.162989],[115.704937,4.198469],[115.730658,4.193915],[115.735824,4.212401],[115.754694,4.220132],[115.766061,4.250636],[115.795876,4.243135],[115.801082,4.225911],[115.829519,4.240915],[115.824314,4.26231],[115.844178,4.268893],[115.847367,4.291491],[115.869539,4.300458],[115.862128,4.343374],[115.87296,4.35344],[115.869132,4.371697],[115.878395,4.391255],[115.908172,4.391982],[115.929873,4.354244],[115.974922,4.358301],[116.006629,4.347898],[116.008966,4.334992],[116.035592,4.329301],[116.039047,4.294902],[116.07901,4.276432],[116.119837,4.338853],[116.130583,4.331359],[116.162773,4.342334],[116.171055,4.393069],[116.179363,4.382907],[116.2052,4.378258],[116.251439,4.379833],[116.259405,4.363918],[116.271777,4.363134],[116.348513,4.391382],[116.374824,4.377611],[116.382941,4.35925],[116.394786,4.363479],[116.416333,4.332965],[116.432749,4.325673],[116.433402,4.295408],[116.440956,4.288749],[116.475474,4.304104],[116.485673,4.336921],[116.507224,4.323318],[116.537019,4.323244],[116.53957,4.33548],[116.52885,4.346681],[116.536021,4.375662],[116.561565,4.389599],[116.567627,4.407823],[116.586406,4.374295],[116.61195,4.376697],[116.618678,4.356292],[116.614348,4.343034],[116.630064,4.33426],[116.6518,4.335886],[116.666993,4.351524],[116.678601,4.338289],[116.701778,4.333299],[116.733089,4.351376],[116.740852,4.380653],[116.752053,4.389008],[116.769295,4.37478],[116.789688,4.337895],[116.810854,4.351181],[116.840211,4.327203],[116.845508,4.33876],[116.865072,4.336821],[116.907719,4.368741],[116.953074,4.355181],[116.965015,4.337996],[117.004118,4.346185],[117.005006,4.322817],[117.019327,4.318717],[117.029651,4.341573],[117.041863,4.3468],[117.106142,4.333271],[117.151325,4.353974],[117.1682,4.337678],[117.19651,4.335833],[117.224486,4.368631],[117.245912,4.37396],[117.284102,4.334296],[117.296203,4.31021],[117.370694,4.285817],[117.381796,4.262347],[117.406442,4.253738],[117.410883,4.238364],[117.428312,4.230882],[117.426314,4.216431],[117.457177,4.179124],[117.529338,4.161496],[117.539551,4.174102],[117.546878,4.167953],[117.565751,4.180252],[117.591174,4.174307],[117.59511974082552,4.169134199582929],[117.5871356,4.1604676],[117.5426753,4.1356419],[117.5225948,4.1014197],[117.431426,4.1338075],[117.418179,4.0942659],[117.4724976,4.080876],[117.5105919,4.0421886],[117.5311927,4.0313972],[117.5476973,4.0156442],[117.5530595,3.988115],[117.5726246,3.967449],[117.5781488,3.9702045],[117.5980185,3.9343737],[117.635693,3.9145187],[117.6825649,3.9163318],[117.687713,3.9022329],[117.6777003,3.8755939],[117.704631,3.8598627],[117.7216641,3.8747901],[117.757312,3.868934],[117.7685836,3.8512966],[117.8260492,3.810141],[117.834576,3.7939958],[117.8260778,3.7036239],[117.767983,3.6820234],[117.7632933,3.6614308],[117.7420811,3.6369494],[117.7156019,3.6403337],[117.7140048,3.6307146],[117.6640426,3.615469],[117.5871383,3.6308877],[117.5205337,3.6740585],[117.5133239,3.6593258],[117.5212204,3.6397961],[117.5157272,3.6195807],[117.4933177,3.5975662],[117.3920375,3.6402246],[117.2815609,3.6189361],[117.2786427,3.5880982],[117.2924739,3.5639863],[117.3705799,3.5624443],[117.399419,3.5494231],[117.4049611,3.538632],[117.4376366,3.5290502],[117.4342898,3.5136663],[117.441688,3.5039963],[117.4602717,3.5090071],[117.4849324,3.4917768],[117.504661,3.4981943],[117.5178721,3.4806121],[117.4906646,3.4554425],[117.4851715,3.431796],[117.4443161,3.4040363],[117.4364522,3.3719624],[117.4467193,3.3416598],[117.5066979,3.3211359],[117.5235094,3.2994335],[117.5182852,3.2748645],[117.4517104,3.2754892],[117.4135733,3.2489325],[117.3972288,3.2575715],[117.3783205,3.2300544],[117.3074944,3.2082961],[117.3195347,3.1685068],[117.3276572,3.1673399],[117.3415125,3.1814129],[117.369988,3.1810977],[117.3990687,3.1591821],[117.4188307,3.1734957],[117.4455572,3.1610023],[117.4674209,3.1277264],[117.4517943,3.1228907],[117.4790482,3.0993581],[117.4466616,3.082187],[117.4386293,3.0685218],[117.4422795,3.0513857],[117.5156854,3.068028],[117.5446608,3.0683496],[117.5714207,3.0464759],[117.6221304,3.0593568],[117.6273052,3.0520062],[117.6175993,3.0476352],[117.6237845,3.0406036],[117.6205729,3.0182684],[117.5643357,2.9713025],[117.5673764,2.9636806],[117.5718324,2.958997],[117.6112613,2.9817244],[117.6661923,2.9904754],[117.6968417,2.9465172],[117.6646297,2.9348112],[117.5664214,2.9205274],[117.5519713,2.9148623],[117.5547678,2.9080796],[117.6562403,2.8953121],[117.7142291,2.8970924],[117.7210012,2.8891225],[117.7100179,2.8606018],[117.6855569,2.8624102],[117.6681302,2.8544233],[117.6418584,2.8210979],[117.609827,2.8229889],[117.6027076,2.8123196],[117.618288,2.7967578],[117.703381,2.783191],[117.7473258,2.7548598],[117.7824816,2.7516675],[117.7930603,2.7128325],[117.7904904,2.6438953],[117.9483139,2.4614889],[117.9885795,2.4356049],[118.0014853,2.4351915],[117.9962339,2.4270941],[117.9745793,2.4245623],[117.9524641,2.4020064],[117.9508515,2.384974]]],[[[117.4491343,3.0683686],[117.4885363,3.0864905],[117.4963924,3.0766998],[117.4716063,3.0605846],[117.4503523,3.0586386],[117.4491343,3.0683686]]],[[[117.5163066,3.0744498],[117.5016907,3.0702538],[117.5030304,3.0791931],[117.5163066,3.0744498]]],[[[117.5141142,3.0784026],[117.4983412,3.0823553],[117.5175246,3.0983486],[117.5659397,3.0933013],[117.5689847,3.0844837],[117.5543688,3.0763958],[117.5181944,3.0744498],[117.5141142,3.0784026]]],[[[117.4862222,3.0918419],[117.4874402,3.0955513],[117.5078415,3.1012675],[117.4862222,3.0918419]]],[[[117.548766,3.1026054],[117.5565003,3.0984703],[117.5423107,3.0960986],[117.5374996,3.1020581],[117.548766,3.1026054]]],[[[117.5034553,3.3453746],[117.490409,3.3412618],[117.4521285,3.3489734],[117.4505836,3.4041524],[117.4981338,3.4051805],[117.5034553,3.3453746]]],[[[117.4459156,3.5347641],[117.41553,3.5420604],[117.4162418,3.5564477],[117.5033676,3.5438546],[117.5445739,3.5266717],[117.5467936,3.5066623],[117.5353192,3.5041295],[117.531964,3.4885241],[117.5036041,3.5067215],[117.4851966,3.4981943],[117.4623854,3.5152487],[117.441688,3.5102379],[117.4459156,3.5347641]]],[[[117.405474,3.5704584],[117.3947245,3.5840471],[117.4144012,3.5806365],[117.4165641,3.5657956],[117.405474,3.5704584]]],[[[117.3931442,3.5843804],[117.4042966,3.5690336],[117.375064,3.5767913],[117.3672911,3.5801642],[117.3931442,3.5843804]]],[[[117.311185,3.5802624],[117.3338443,3.5831749],[117.3314411,3.5794058],[117.3147899,3.5706681],[117.311185,3.5802624]]],[[[117.4599762,3.5901068],[117.4971038,3.5724115],[117.4947005,3.5691563],[117.4734145,3.5724115],[117.4599762,3.5901068]]],[[[117.4558956,3.582661],[117.4605304,3.5682695],[117.4346095,3.5629583],[117.4104053,3.588486],[117.3108417,3.5843742],[117.3012287,3.5790631],[117.2923023,3.5975662],[117.3958141,3.6129851],[117.4558956,3.582661]]],[[[117.5135738,3.6109293],[117.525296,3.6151469],[117.5445663,3.6062177],[117.5480777,3.5804337],[117.5075656,3.5939684],[117.5135738,3.6109293]]],[[[117.3453456,3.622579],[117.3729831,3.6213798],[117.3566753,3.6131565],[117.3204547,3.6129851],[117.3453456,3.622579]]],[[[117.5505718,4.1376965],[117.5744327,4.1448874],[117.5886806,4.1400934],[117.5541766,4.098145],[117.5363239,4.1075622],[117.5505718,4.1376965]]],[[[117.6189406,2.8108153],[117.6319516,2.7993388],[117.6172508,2.8025455],[117.6106608,2.8133469],[117.6189406,2.8108153]]],[[[117.6392175,2.8131781],[117.6512147,2.8015329],[117.6334724,2.8067648],[117.629417,2.8121655],[117.6392175,2.8131781]]],[[[117.738382,2.8164351],[117.731788,2.806556],[117.6811555,2.7978529],[117.657841,2.8006756],[117.641827,2.8154942],[117.6580765,2.8376043],[117.6929305,2.8531281],[117.701173,2.8387804],[117.730375,2.827255],[117.738382,2.8164351]]],[[[117.7027575,2.9322212],[117.7140615,2.9064439],[117.6976707,2.9017399],[117.5810511,2.9098307],[117.6177891,2.9228135],[117.7027575,2.9322212]]],[[[117.6215304,3.0685845],[117.5713537,3.051436],[117.5515613,3.0717703],[117.6044731,3.0836627],[117.6215304,3.0685845]]],[[[117.6312548,3.0831342],[117.6390815,3.0701341],[117.6286205,3.071964],[117.6224737,3.0829436],[117.6312548,3.0831342]]],[[[117.6067163,3.0901364],[117.6030512,3.0862859],[117.571821,3.0838842],[117.575514,3.0921313],[117.5954051,3.0973542],[117.6067163,3.0901364]]],[[[117.5823488,3.1150666],[117.5885385,3.1085224],[117.5679669,3.0974578],[117.5594511,3.1064149],[117.5823488,3.1150666]]],[[[117.5821668,3.1208836],[117.6078358,3.1257916],[117.6207614,3.1176115],[117.6180306,3.1103403],[117.5987333,3.1068864],[117.5821668,3.1208836]]],[[[117.5188738,3.3664087],[117.5200386,3.415975],[117.5471537,3.4416014],[117.6147284,3.4411454],[117.662326,3.4198012],[117.6691925,3.4050645],[117.6564895,3.2522009],[117.6482498,3.2395183],[117.6376068,3.2391755],[117.6277056,3.245916],[117.6380543,3.2518552],[117.6329975,3.2624089],[117.6226987,3.2670937],[117.6285555,3.259421],[117.6236129,3.2511206],[117.6116236,3.2807625],[117.5947832,3.2797167],[117.5807835,3.2993356],[117.5417431,3.3259484],[117.5188738,3.3664087]]],[[[117.5504377,3.5252898],[117.5603592,3.5229517],[117.6118576,3.4972508],[117.6146042,3.4797738],[117.5479756,3.4706104],[117.5368638,3.5002751],[117.543925,3.4982929],[117.5502138,3.506332],[117.5504377,3.5252898]]],[[[117.7550232,3.5613304],[117.8006851,3.5901133],[117.824031,3.5733234],[117.8501236,3.5366585],[117.8717745,3.4785945],[117.8668633,3.4500052],[117.834642,3.4580558],[117.826299,3.474946],[117.7608597,3.5147275],[117.7550232,3.5613304]]],[[[117.6660703,3.552192],[117.6245605,3.5373439],[117.5756558,3.5573115],[117.5394165,3.5592744],[117.5061923,3.5852308],[117.5451595,3.5747799],[117.5632195,3.5879118],[117.598366,3.5824062],[117.6482473,3.5656765],[117.6660703,3.552192]]],[[[117.6757156,3.9659192],[117.635548,3.9827543],[117.6010441,4.0132357],[117.5912594,4.0866945],[117.6278233,4.1342936],[117.6563518,4.1474484],[117.6677972,4.144511],[117.7529644,4.0604966],[117.723267,3.9870354],[117.6757156,3.9659192]]],[[[117.9060852,4.0412659],[117.8944095,4.0443794],[117.8607639,4.0299956],[117.7294429,4.1219446],[117.68398014213349,4.16553],[117.89976747764362,4.166088442164759],[117.9254802,4.1299918],[117.9181015,4.0792791],[117.9266845,4.0607864],[117.9060852,4.0412659]]]]}},{"type":"Feature","properties":{"country_code":"MY","admin1":"Labuan"},"geometry":{"type":"MultiPolygon","coordinates":[[[[115.1210694,5.2293633],[115.1225694,5.2338997],[115.1468963,5.2167086],[115.1315,5.2169905],[115.1210694,5.2293633]]],[[[115.3210283,5.2779648],[115.3267184,5.2634453],[115.3068997,5.2678191],[115.3125964,5.2803836],[115.3291541,5.2773021],[115.3210283,5.2779648]]],[[[115.2520412,5.3931765],[115.2574245,5.3844247],[115.2471453,5.375599],[115.2439948,5.3522259],[115.2505453,5.3225437],[115.2696124,5.288882],[115.2523077,5.2719318],[115.2343611,5.2849819],[115.2388574,5.2602835],[115.2463247,5.2572066],[115.2411105,5.2416082],[115.2139942,5.2796516],[115.195798,5.2776004],[115.1686694,5.2502942],[115.1572754,5.2509246],[115.1913548,5.3310888],[115.230969,5.3833853],[115.2520412,5.3931765]]]]}},{"type":"Feature","properties":{"country_code":"MY","admin1":"Sabah"},"geometry":{"type":"MultiPolygon","coordinates":[[[[115.6424159,4.2334762],[115.63658169999997,4.239518300000043],[115.6570913,4.2620302],[115.6715422,4.2985044],[115.6659324,4.3256687],[115.6310167,4.3505946],[115.6127684,4.3415433],[115.6082447,4.3602642],[115.5871415,4.36577],[115.591187,4.4314963],[115.55986159999998,4.480311],[115.5604001,4.4881408],[115.5784863,4.4987891],[115.5809097,4.5176694],[115.5634519,4.5511784],[115.5706774,4.5664336],[115.5454555,4.592917],[115.5652919,4.6456125],[115.6017335,4.6774158],[115.6332833,4.7682551],[115.6531197,4.7780494],[115.6520875,4.8506307],[115.6409575,4.8587246],[115.633014,4.9106397],[115.62161479999997,4.92391960000009],[115.6207048,4.965403],[115.59309069999995,4.990089100000091],[115.5160403,4.9595495],[115.4675266,4.9641624],[115.447617,4.9794313],[115.46635850000007,5.014358800000139],[115.48727910000014,5.027824299999963],[115.51202690000002,5.031258500000092],[115.53465770000003,5.071769900000049],[115.54477170000007,5.070157199999983],[115.55422710000005,5.140675],[115.572246,5.165256100000136],[115.56537419999995,5.160477500000013],[115.56984580000005,5.179131299999938],[115.55062220000002,5.1837582],[115.55491370000004,5.203418200000044],[115.52452970000013,5.19675100000012],[115.52023810000014,5.206153500000084],[115.49654880000014,5.207350200000121],[115.42634240000007,5.259897200000069],[115.45473619999996,5.2621977],[115.45650990000001,5.270366499999966],[115.43688820000011,5.265178200000037],[115.43456019999996,5.2735677],[115.41947289999996,5.2658133],[115.37381100000016,5.301025200000083],[115.33929761682907,5.297189279848396],[115.36488459999998,5.328544],[115.37109710000016,5.3699661],[115.36552430000017,5.387006],[115.385095,5.410912800000119],[115.424966,5.42425140000006],[115.50246000000016,5.508542600000055],[115.54741639999997,5.541645099999982],[115.57688510000003,5.587295800000049],[115.59322380000015,5.631872699999974],[115.6172322000001,5.623231499999974],[115.62086680000004,5.614328199999932],[115.60671650000006,5.57612840000013],[115.58733849999999,5.5555812],[115.58383480000009,5.5385278],[115.59986160000005,5.5257044],[115.59931840000002,5.516185300000018],[115.6098055,5.527751100000046],[115.59003320000011,5.554554699999983],[115.60275739999997,5.570473300000117],[115.65900390000002,5.539449100000013],[115.75193080000008,5.529694200000051],[115.80698440000003,5.54011150000008],[115.86544910000009,5.572567900000081],[115.88651360000006,5.620954200000028],[115.8998792000001,5.743254799999988],[115.91153069999996,5.755443600000092],[115.98206149999999,5.785786],[116.00430500000016,5.804607],[116.01095510000005,5.824693500000024],[116.03554990000009,5.831947199999945],[116.047155,5.874359299999981],[116.03262710000013,5.8950431],[116.04644990000008,5.9311237],[116.04001649999998,5.956669699999964],[116.0576936000001,5.958465100000012],[116.06164890000014,5.964794900000072],[116.05228130000012,5.96338320000001],[116.05894149999995,5.97891850000002],[116.06519130000015,5.971823800000095],[116.08090430000016,5.998147200000119],[116.09852809999995,5.991844599999979],[116.10893429999999,6.000827800000025],[116.10989040000004,6.051365700000019],[116.1279485,6.057307600000115],[116.121518,6.06886970000005],[116.13243860000011,6.0907975],[116.11388750000015,6.0985672],[116.11391409999999,6.086895100000049],[116.10195869999995,6.077795100000117],[116.08548510000003,6.108635800000116],[116.09438850000004,6.12006510000009],[116.11283330000015,6.118964100000085],[116.13470380000012,6.140420699999936],[116.138013,6.135834800000111],[116.11758530000009,6.116505200000063],[116.13153280000017,6.118894800000021],[116.13633930000015,6.0955533],[116.15887629999997,6.101126299999976],[116.14986410000006,6.111282300000084],[116.14947140000004,6.102893],[116.1389206,6.101382400000034],[116.13179670000011,6.1258757],[116.15505680000001,6.14051139999998],[116.16663749999998,6.124868699999979],[116.1784457,6.143668900000137],[116.18359550000002,6.1357324],[116.189947,6.137481899999955],[116.18814450000013,6.1466557],[116.20033250000017,6.142687500000079],[116.20788560000017,6.167093600000101],[116.19711390000009,6.169568300000037],[116.19204339999999,6.148635500000012],[116.18732920000002,6.149173200000121],[116.18376720000015,6.1435836],[116.17715820000012,6.14686910000006],[116.17341810000005,6.140229799999986],[116.1377169000001,6.141347700000097],[116.14167830000008,6.158319799999958],[116.16574860000003,6.178895000000125],[116.18809139999996,6.226771400000132],[116.19871349999994,6.237101800000119],[116.24314219999997,6.250963399999989],[116.25952429999995,6.229727100000105],[116.27516010000011,6.229826800000012],[116.26410409999994,6.2214841],[116.26342320000015,6.2181498],[116.28465530000005,6.230544700000053],[116.279012,6.239769700000011],[116.29312470000002,6.237540500000136],[116.28511819999994,6.244898500000033],[116.27264890000015,6.241701700000021],[116.274846,6.25613560000005],[116.29312240000002,6.267900800000064],[116.28489230000014,6.278177500000027],[116.2578896,6.25704259999992],[116.2066476,6.241813200000024],[116.23103240000012,6.261557300000106],[116.2314444000001,6.274625700000115],[116.24149069999999,6.2840966],[116.27829159999999,6.293985600000042],[116.27724180000007,6.304979399999979],[116.28691160000005,6.306124200000056],[116.28982180000014,6.319693300000097],[116.29785430000004,6.3102369],[116.29272800000012,6.296822],[116.30793040000003,6.297238400000083],[116.3106312000001,6.304104800000118],[116.32109130000015,6.298707600000114],[116.32181700000012,6.306880700000136],[116.33281390000002,6.306834199999969],[116.32981780000011,6.31446290000008],[116.31851519999998,6.313999100000046],[116.3189761000001,6.32372440000006],[116.30910719999997,6.32194910000004],[116.32964979999997,6.335733900000037],[116.31205120000016,6.3401578000001],[116.32801080000013,6.3491666],[116.31104260000006,6.357072600000038],[116.32000749999997,6.370386200000098],[116.33082450000006,6.369610600000044],[116.33658349999996,6.360108600000103],[116.34635590000005,6.367107900000121],[116.33712479999997,6.388454899999942],[116.34714880000001,6.385431100000062],[116.34914079999999,6.375845],[116.36556250000012,6.37726820000006],[116.3495941,6.3804965],[116.34916480000015,6.394632200000046],[116.40370130000008,6.423300300000051],[116.39095339999994,6.416155700000104],[116.39791830000013,6.415977899999916],[116.48815560000003,6.485321199999987],[116.50217820000012,6.526489900000115],[116.49560430000008,6.533200900000111],[116.53895410000007,6.580505200000061],[116.54394000000013,6.607904800000142],[116.57303750000017,6.639508500000034],[116.57018760000005,6.6534562],[116.57943369999998,6.6489201],[116.6160446,6.667976800000076],[116.64204030000008,6.707109800000012],[116.64418690000002,6.733703199999979],[116.631504,6.752743300000077],[116.63706950000005,6.763514699999973],[116.62681650000013,6.780841400000043],[116.64132110000014,6.78871410000005],[116.6508308,6.814797600000134],[116.67249560000005,6.819872300000043],[116.64349049999998,6.839249],[116.64045820000013,6.864036700000099],[116.66530160000002,6.871552400000041],[116.68706840000016,6.895909400000107],[116.70618280000008,6.931470500000046],[116.703172,6.957346],[116.72681450000005,6.972169200000053],[116.72025510000014,6.97798140000009],[116.73157450000008,7.004463500000099],[116.72801890000005,7.011491],[116.7439816000001,7.024133],[116.74150150000003,7.037462300000016],[116.76847790000011,7.022718100000077],[116.80119749999994,6.976163499999984],[116.83003659999997,6.966280700000084],[116.84195669999997,6.945525200000134],[116.83671110000012,6.932583],[116.86062860000004,6.893232700000112],[116.8604507,6.878198900000029],[116.85136639999996,6.875397800000087],[116.82902639999998,6.894254799999942],[116.817588,6.8880289],[116.82130540000014,6.879243700000131],[116.8116688,6.86914610000008],[116.78884,6.885796500000026],[116.7945876,6.871872900000085],[116.78771470000015,6.8659591],[116.80171240000016,6.863351400000056],[116.79524260000005,6.852096500000016],[116.80615990000001,6.851221800000076],[116.80949729999998,6.86103],[116.8571591,6.858068],[116.84016459999998,6.837104300000135],[116.85036390000016,6.82351210000013],[116.86858870000015,6.823284799999954],[116.85405760000003,6.815527700000132],[116.85857180000016,6.771537200000068],[116.81782670000007,6.733238200000073],[116.7889742000001,6.667732200000103],[116.7799576000001,6.665242699999965],[116.75478260000011,6.629043700000011],[116.75671450000004,6.60026670000002],[116.74894240000003,6.5902302],[116.75630609999996,6.592634499999974],[116.75167810000005,6.584760800000083],[116.766182,6.572857400000032],[116.77456129999996,6.58446170000002],[116.77407490000007,6.566880500000025],[116.78763620000007,6.573190300000022],[116.7936443000001,6.561082200000044],[116.79825810000011,6.567812300000014],[116.81338540000013,6.5629581],[116.82528990000014,6.578322700000115],[116.8551089,6.579045],[116.85781230000009,6.6149302],[116.8782744,6.621538500000042],[116.9119445,6.663648600000101],[116.92954290000011,6.663909700000033],[116.94662440000013,6.68553170000007],[116.98263820000011,6.703053699999941],[116.9839938,6.721813599999962],[116.97467170000016,6.739489700000036],[116.98826010000005,6.758811500000036],[116.9909199,6.751691500000106],[117.00226680000003,6.7517479],[116.99261590000003,6.775583],[117.01410590000012,6.787524500000018],[117.02772,6.813942700000098],[117.02506830000016,6.823163100000045],[117.0662493000001,6.840156400000069],[117.09494630000006,6.80866350000008],[117.068277,6.842250200000137],[117.05108750000011,6.842710099999977],[117.05886110000006,6.869657300000085],[117.04399079999996,6.889344400000084],[117.03281060000006,6.8910672],[117.0357411,6.922796300000016],[117.02712480000014,6.934035800000061],[117.03929170000004,6.950774599999988],[117.05216629999995,6.944129],[117.053368,6.935097599999949],[117.075169,6.934927200000061],[117.08684190000008,6.948218600000075],[117.06229430000008,6.954523400000028],[117.06023440000013,6.97428919999993],[117.10323110000002,6.996938200000045],[117.13235140000018,6.984366700000123],[117.13283890000002,7.009918300000038],[117.15481980000004,7.012284900000111],[117.17175359999999,6.990740200000062],[117.181599,6.99183910000005],[117.19859350000013,6.95537539999998],[117.25472679999996,6.941572899999983],[117.25867500000015,6.888574600000027],[117.24408370000003,6.874599800000112],[117.25695840000003,6.864544500000022],[117.236874,6.852273300000036],[117.2361873000001,6.831820600000128],[117.21833449999997,6.818696400000135],[117.23653060000004,6.803696800000012],[117.23704559999999,6.78869670000006],[117.24954710000009,6.786393900000121],[117.24150880000002,6.775741699999969],[117.24786030000007,6.759888499999931],[117.28579750000006,6.727498500000138],[117.28287920000014,6.713689400000135],[117.26399650000008,6.701925900000106],[117.2694897,6.678227400000026],[117.28356589999999,6.662200499999983],[117.27978929999995,6.651799800000049],[117.29129060000014,6.614628100000061],[117.31394990000001,6.6084894],[117.32218970000008,6.621960400000091],[117.33351930000003,6.607125200000098],[117.35257379999996,6.619232099999977],[117.35978350000016,6.608148200000016],[117.37660640000013,6.610365100000138],[117.39531740000007,6.598428500000125],[117.40115390000017,6.568585900000073],[117.42535820000012,6.554090200000076],[117.47273670000015,6.558694800000069],[117.52097360000005,6.630997499999978],[117.5323032,6.575748400000123],[117.54279530000008,6.5680931],[117.54225959999997,6.556818800000087],[117.55770910000001,6.551873300000011],[117.55221590000008,6.5401058],[117.59993780000013,6.51043020000003],[117.62497780000001,6.512900699999989],[117.65658610000014,6.498832500000049],[117.669289,6.480923500000074],[117.72622579999995,6.44467],[117.71568490000004,6.433910700000069],[117.74182740000015,6.426250200000084],[117.73177369999996,6.388134799999932],[117.73049979999996,6.402929200000131],[117.71604219999995,6.411032800000044],[117.72483050000017,6.394666900000061],[117.71471029999998,6.346518700000104],[117.7240713000001,6.33788010000012],[117.73331870000015,6.301628700000037],[117.72648730000014,6.294163200000014],[117.73073160000013,6.282066200000088],[117.7154471,6.266621],[117.7210632,6.246251100000052],[117.7065063,6.2297605],[117.66540369999996,6.24522120000006],[117.63089650000018,6.233158800000012],[117.63273530000004,6.218846],[117.62422909999998,6.213990200000069],[117.60661670000013,6.222274700000071],[117.604653,6.201348800000062],[117.58276460000013,6.177327500000104],[117.57513919999997,6.187240499999973],[117.56609509999998,6.177114300000028],[117.55689940000013,6.179670100000124],[117.56449430000009,6.185160399999972],[117.55168360000005,6.184458800000016],[117.55265970000005,6.179731100000026],[117.5667204,6.175558700000124],[117.57382770000015,6.183641300000033],[117.58453369999995,6.174216300000069],[117.58153760000016,6.162812600000109],[117.55251920000012,6.149429100000134],[117.54639029999998,6.154765800000064],[117.54372190000015,6.153932],[117.54905859999997,6.1480532],[117.57545040000014,6.153890300000114],[117.58916739999995,6.171901700000035],[117.6069427000001,6.163715600000046],[117.61312250000015,6.145453700000019],[117.60494670000014,6.144794199999978],[117.59364860000005,6.139536000000135],[117.61071920000006,6.142552200000125],[117.63423680000005,6.1167795],[117.65861270000005,6.062157899999988],[117.65517950000003,6.052086400000121],[117.63458010000011,6.045428800000138],[117.62445209999998,6.026821499999926],[117.63732219999997,6.01895780000001],[117.64642480000009,6.022724400000072],[117.65809779999995,6.003433399999949],[117.67989880000005,5.9948973],[117.6819587,5.967581],[117.64436560000013,5.937492500000076],[117.63509520000002,5.937519299999963],[117.63040620000004,5.923366499999929],[117.60666430000015,5.920793300000014],[117.60507430000007,5.9047637],[117.62046209999994,5.897258000000136],[117.61340150000012,5.8861334],[117.62655250000012,5.896266200000127],[117.67899470000009,5.90945470000014],[117.71839380000017,5.895837299999982],[117.76536539999995,5.904683200000079],[117.76983890000008,5.91285890000006],[117.75817010000003,5.926234700000123],[117.758763,5.939449199999956],[117.83557910000002,5.935546199999976],[117.89135660000011,5.948452400000065],[117.90467230000002,5.9651199],[117.8982575,5.978084100000103],[117.90915440000015,5.994766700000014],[117.9688599000001,6.035473700000125],[117.97503630000006,6.04681510000006],[117.9709729,6.056324399999937],[117.9838946000001,6.068904500000087],[118.010605,6.060015000000135],[118.01454720000004,6.031235600000116],[118.00780420000012,6.028653800000029],[118.00456120000001,6.018855],[118.00911470000017,6.023058900000024],[118.01743990000011,6.0132448],[118.02164990000006,6.011529600000017],[118.012986,5.996589299999982],[118.02080449999994,6.003772200000128],[118.0215184000001,5.993368200000134],[118.02170940000008,5.999027400000102],[118.02481090000015,5.993297499999926],[118.02378190000013,6.004706300000123],[118.01899879999996,6.004558499999973],[118.02831930000002,6.012651400000095],[118.01876330000016,6.012891400000058],[118.010236,6.026022800000135],[118.04622780000011,6.035958600000129],[118.03531070000008,6.000909300000046],[118.06952479999995,5.958717799999988],[118.05770789999997,5.938538799999947],[118.0461623,5.941856700000017],[118.0352792,5.974327599999981],[118.02704140000014,5.981871400000102],[118.04325100000017,5.9419438],[118.05315670000016,5.939401200000077],[118.05436770000017,5.926655300000107],[118.04355929999997,5.929237500000056],[118.0272268,5.913338099999919],[118.02595329999997,5.901834900000097],[118.02453830000002,5.907199300000059],[118.01704970000014,5.905486400000086],[118.01963970000008,5.908386900000096],[118.01847780000003,5.909937300000081],[118.01733150000007,5.910277700000051],[118.01902540000003,5.911372800000038],[118.01746320000007,5.913226400000099],[118.01456980000012,5.90367480000009],[118.02413509999997,5.90696400000013],[118.02522969999995,5.900988900000073],[118.02713860000006,5.902476],[118.02772589999995,5.906393],[118.0297637,5.9066704],[118.0285517000001,5.896629599999983],[118.0291138,5.896111],[118.03061560000015,5.896628799999917],[118.03104940000014,5.895679400000063],[118.03168640000013,5.8953823],[118.03217360000008,5.895395600000029],[118.03006630000016,5.9085146],[118.03587040000002,5.905662300000074],[118.02706560000001,5.91042630000004],[118.0451964,5.9286912],[118.05744920000006,5.924202400000013],[118.05972359999998,5.916742300000067],[118.09157919999996,5.899878600000079],[118.10525710000013,5.870026799999948],[118.11526019999997,5.87227740000003],[118.13453980000008,5.8522592],[118.12344180000014,5.839231400000131],[118.084863,5.826852400000121],[118.0795895,5.807703900000092],[118.0558883000001,5.8044911],[118.03174880000006,5.78766330000002],[118.01855009999997,5.789791],[118.007352,5.802648200000135],[118.0080269,5.826002599999981],[118.01850880000006,5.843932100000018],[118.01719630000002,5.857883500000128],[118.01501659999997,5.838489200000026],[117.99600490000012,5.807082800000046],[117.96495900000014,5.807876000000135],[117.95533909999995,5.792886899999985],[117.916312,5.800012800000047],[117.89989939999998,5.7930179],[117.89938440000014,5.785503299999959],[117.92324529999996,5.769961500000136],[117.90642250000008,5.758689100000026],[117.91363230000002,5.756298],[117.90659419999997,5.745025300000123],[117.92496190000008,5.744342200000119],[117.91140070000017,5.738876500000117],[117.94762119999996,5.732727700000112],[117.94779289999997,5.719746500000042],[117.93079840000007,5.715817900000047],[117.93852320000008,5.714622300000087],[117.93972480000002,5.692246],[117.95465940000008,5.690879400000028],[117.94796459999998,5.672601899999961],[117.95259940000017,5.679434700000115],[117.99036490000003,5.680630400000098],[118.05920110000011,5.720600499999989],[118.06744090000007,5.720088100000055],[118.06606760000011,5.703007200000059],[118.08031549999998,5.697370400000125],[118.0988549000001,5.7105229],[118.11327449999999,5.706252599999971],[118.11979760000008,5.673626800000022],[118.129239,5.664573300000029],[118.12529080000002,5.674822600000027],[118.14863670000011,5.691050299999972],[118.12735069999997,5.726920300000131],[118.13610540000002,5.740755399999955],[118.18588720000002,5.746391700000061],[118.16734780000013,5.748270500000046],[118.15498820000016,5.766887199999928],[118.16854940000007,5.779184200000088],[118.15945139999997,5.778501],[118.14709180000011,5.795067300000142],[118.15228860000002,5.802307800000051],[118.21672890000013,5.819009500000107],[118.23816670000008,5.84196820000011],[118.27116390000015,5.827124500000082],[118.27295270000002,5.814609300000029],[118.28237109999998,5.822220100000038],[118.32767950000004,5.816414900000041],[118.33120560000009,5.807514],[118.30808019999995,5.798496699999987],[118.330792,5.802589300000079],[118.341124,5.7857163],[118.35355670000001,5.797750400000098],[118.34493369999996,5.815404200000046],[118.35171209999999,5.827147900000057],[118.38837639999997,5.793647100000044],[118.43651220000015,5.772397200000057],[118.441215,5.762708],[118.46639360000006,5.756911],[118.48159409999994,5.735863100000017],[118.50243439999997,5.730533700000137],[118.562512,5.682545899999923],[118.57796759999997,5.682414300000062],[118.60108079999998,5.654944900000089],[118.60530490000008,5.644864200000029],[118.5704025,5.626181],[118.57181390000017,5.584391300000107],[118.55528100000015,5.565783900000099],[118.54667219999999,5.542102299999954],[118.55076750000012,5.533013],[118.53973150000002,5.533732300000054],[118.555202,5.520764700000029],[118.54022170000007,5.513892199999987],[118.56104919999996,5.518332500000042],[118.56388670000001,5.544555],[118.57263720000003,5.545527],[118.58543020000002,5.57531780000005],[118.59401300000013,5.5789112],[118.58426740000004,5.580470200000036],[118.5950726000001,5.6245371],[118.63227340000003,5.642736000000127],[118.647601,5.634957900000131],[118.70373429999995,5.568500500000141],[118.7562627000001,5.530399400000135],[118.77600370000016,5.5298869],[118.80449950000013,5.501181300000098],[118.79751750000014,5.46974380000006],[118.80082720000007,5.435273],[118.81334990000016,5.4392375],[118.80717140000002,5.455069900000069],[118.80964940000001,5.508528700000113],[118.92109559999994,5.4384564],[118.93496220000009,5.417107],[118.9215726,5.405486],[118.92346080000004,5.398137299999973],[118.94148529999995,5.398991799999976],[118.94423189999998,5.430949300000066],[119.01581470000008,5.405998700000112],[119.07366460000003,5.402238900000043],[119.10095870000009,5.4114674],[119.1095944,5.435696300000075],[119.13384050000002,5.439890100000127],[119.1518258000001,5.451176299999929],[119.194679,5.433387399999958],[119.24345130000006,5.386349600000074],[119.25568090000002,5.35769490000007],[119.26450780000005,5.313556600000027],[119.25791850000007,5.279105700000116],[119.24693219999995,5.264747200000102],[119.26746170000001,5.242394699999977],[119.26858130000016,5.228770900000029],[119.26138790000005,5.228172900000118],[119.2665528,5.207780600000035],[119.21482549999996,5.139402600000096],[119.1629838,5.10503650000004],[119.0955269000001,5.076688200000035],[118.92850010000006,5.038420800000097],[118.88283209999997,5.016245200000071],[118.86309740000013,4.992385600000034],[118.835693,4.993844400000114],[118.80089810000004,4.981740899999977],[118.74791260000006,4.949460700000031],[118.68937570000003,4.948955899999987],[118.67793830000005,4.933739400000093],[118.65827679999995,4.94292890000014],[118.65988410000011,4.934599900000023],[118.65256180000017,4.9322295],[118.65139279999994,4.942344400000081],[118.60719300000017,4.9442927],[118.5721737,4.959189900000013],[118.56955340000013,4.950488199999938],[118.55067359999998,4.959379800000079],[118.51857300000017,4.923807],[118.47528750000004,4.923370100000113],[118.45025169999997,4.954420300000038],[118.44595419999996,4.99320560000001],[118.40800079999997,5.022076500000139],[118.40393990000007,5.016196799999989],[118.37630290000004,5.027681100000052],[118.38239669999996,5.016795800000011],[118.3670413000001,5.013525100000095],[118.3594018,5.021689200000026],[118.33451320000006,5.023117800000136],[118.31355689999998,5.007354300000031],[118.31564870000011,4.997216200000025],[118.31034650000015,5.001627300000109],[118.30360340000016,5.002639400000021],[118.29944520000015,5.001594300000079],[118.31154350000008,4.9999214],[118.30837889999998,4.989383499999974],[118.31514459999994,4.985209600000076],[118.3022962,4.981076800000096],[118.31124320000004,4.978267099999982],[118.30364659999998,4.961172],[118.29057890000001,4.963601200000141],[118.2973432,4.964556800000139],[118.29274340000006,4.995596100000057],[118.28458340000009,4.9885362],[118.28288139999995,4.963317900000106],[118.2577844,4.973279500000103],[118.24495839999997,4.969922900000029],[118.23587969999994,4.978078400000015],[118.23827210000002,4.97089150000005],[118.21808880000003,4.957998299999986],[118.21193089999997,4.963815700000112],[118.20367950000013,4.948531200000048],[118.194316,4.947454499999935],[118.18306959999995,4.931229400000063],[118.1952129,4.92653700000011],[118.19294300000013,4.921345100000053],[118.17345920000002,4.90849750000001],[118.1729947,4.914563600000122],[118.16263300000014,4.910268099999939],[118.1566937,4.878778],[118.150755,4.888809200000082],[118.13156270000013,4.878800200000057],[118.12507080000012,4.88107530000002],[118.12871770000004,4.884424500000023],[118.1287367,4.887193599999989],[118.12435400000015,4.886657],[118.12013910000007,4.884588700000108],[118.12818619999996,4.88583310000007],[118.12166790000015,4.878389300000038],[118.13621330000012,4.864424300000053],[118.12862570000004,4.83738000000011],[118.14140820000011,4.8401809],[118.14288060000001,4.831328400000132],[118.14629860000002,4.83875160000008],[118.16770540000005,4.837774400000058],[118.17045160000009,4.820473600000128],[118.19645579999997,4.795541500000127],[118.19428440000013,4.762470200000109],[118.21142180000015,4.738646200000119],[118.20628570000008,4.730535200000077],[118.22722520000013,4.724314099999958],[118.22287930000005,4.710769200000129],[118.23812959999998,4.697066600000085],[118.25406270000008,4.69498150000004],[118.26681270000006,4.661233700000139],[118.3028445000001,4.656114500000058],[118.3015802000001,4.636897700000077],[118.31074620000015,4.629573199999982],[118.37135920000014,4.627746900000034],[118.3711876000001,4.611492],[118.4014,4.585996800000089],[118.43504559999997,4.601054500000032],[118.50628180000012,4.549866],[118.50157850000016,4.516639399999974],[118.540374,4.5253669],[118.57092969999997,4.520746499999973],[118.61826370000006,4.479216],[118.62684720000004,4.462020699999982],[118.62242259999994,4.456148400000131],[118.63391210000009,4.455828600000132],[118.64512030000014,4.438749499999915],[118.60977470000012,4.402966700000093],[118.60594860000003,4.425080100000116],[118.59582060000014,4.425764700000059],[118.59049909999999,4.441168],[118.58895410000002,4.428160700000092],[118.57728120000002,4.427133900000058],[118.57504960000017,4.418918600000097],[118.59633560000009,4.399749499999984],[118.56053010000016,4.370877300000132],[118.551855,4.373845800000083],[118.55445020000002,4.381777899999975],[118.54518050000001,4.376129600000013],[118.551532,4.350455100000033],[118.48887279999997,4.360071600000083],[118.42938070000002,4.344346800000039],[118.41444620000016,4.327743300000066],[118.372788,4.348036499999921],[118.35270360000004,4.337595300000032],[118.36226109999996,4.3217522],[118.35333479999997,4.315932299999986],[118.33410870000012,4.335103699999934],[118.32535389999998,4.326373900000078],[118.2523979,4.3184999],[118.22355879999998,4.297102900000084],[118.1900207000001,4.2916381],[118.1739146000001,4.2990231],[118.13025,4.289],[118.07625,4.25425],[117.9965,4.221500000000106],[117.9785,4.223250000000121],[117.96525,4.238],[117.9330000000001,4.24875],[117.9,4.238250000000107],[117.87923160000003,4.244735500000104],[117.86375,4.279],[117.854294,4.275077],[117.86042510000004,4.285012000000108],[117.83338030000004,4.305350200000021],[117.81263600000011,4.308227100000011],[117.80370220000009,4.329441],[117.8135,4.329000000000121],[117.81425,4.3455],[117.80600000000015,4.3445],[117.81525,4.35325],[117.823,4.34275],[117.82675,4.342],[117.817,4.353500000000111],[117.823,4.356],[117.8145,4.357000000000141],[117.81675,4.36725],[117.80725,4.35775],[117.81175,4.388],[117.80250000000012,4.378750000000139],[117.79475000000014,4.39175],[117.80007630000011,4.346237200000132],[117.79120420000015,4.3409817000001],[117.79892159999997,4.332566399999962],[117.78748070000006,4.327832199999989],[117.75960169999996,4.335328],[117.745372,4.353595900000016],[117.71700370000008,4.359582100000068],[117.71030859999996,4.37427409999998],[117.677019,4.393801600000074],[117.68185440000002,4.413236],[117.66839980000009,4.404307300000141],[117.64428729999997,4.4349952],[117.61182980000012,4.4244627],[117.59867930000007,4.409076700000071],[117.57770440000013,4.425383199999942],[117.56251559999998,4.409865700000012],[117.5650799,4.395137200000079],[117.57704310000008,4.393709600000136],[117.58463440000003,4.382878699999935],[117.5800097,4.370956700000136],[117.58678220000002,4.361159600000065],[117.59756560000017,4.362671900000123],[117.60782290000009,4.352480300000082],[117.61906850000003,4.361975800000096],[117.6290249,4.342120500000021],[117.6207852,4.295218799999986],[117.64464610000005,4.294191800000078],[117.65854950000005,4.275361799999985],[117.64616880000005,4.274209700000029],[117.6509976000001,4.251738100000011],[117.62885319999998,4.23992590000006],[117.60859330000005,4.215081399999974],[117.60361510000007,4.192996600000015],[117.62266950000014,4.169028000000139],[117.61769140000001,4.1589267],[117.575187,4.181277],[117.546878,4.167953],[117.539551,4.174102],[117.529338,4.161496000000113],[117.45717700000012,4.179124],[117.42631400000016,4.216431000000114],[117.42831200000012,4.230882000000122],[117.410883,4.238364000000104],[117.406442,4.253738000000112],[117.381796,4.262347],[117.370694,4.285817000000122],[117.296203,4.31021],[117.284102,4.334296000000109],[117.245912,4.37396],[117.224486,4.368631],[117.19651,4.335833],[117.1682,4.337678],[117.15132500000016,4.353974],[117.106142,4.333271],[117.04186300000015,4.3468],[117.029651,4.341573],[117.019327,4.318717],[117.005006,4.322817],[117.004118,4.346185],[116.965015,4.337996],[116.953074,4.355181],[116.907719,4.368741000000114],[116.86507200000017,4.3368210000001],[116.845508,4.33876],[116.840211,4.327203000000111],[116.81085400000018,4.351181],[116.789688,4.337895],[116.76929500000017,4.374780000000101],[116.75205300000016,4.389008000000103],[116.74085200000013,4.380653],[116.73308900000018,4.351376],[116.7017780000001,4.333299],[116.678601,4.338289],[116.666993,4.351524],[116.6518,4.335886],[116.630064,4.33426],[116.61434800000018,4.343034000000102],[116.61867800000016,4.356292],[116.61195,4.376697],[116.58640600000012,4.374295],[116.56762700000013,4.407823],[116.561565,4.389599],[116.536021,4.375662],[116.52885000000015,4.346681],[116.53957,4.33548],[116.537019,4.323244000000102],[116.507224,4.323318],[116.48567300000013,4.336921],[116.475474,4.304104000000109],[116.440956,4.288749],[116.43340200000011,4.295408],[116.432749,4.325673],[116.416333,4.332965000000115],[116.394786,4.363479],[116.382941,4.35925],[116.3748240000001,4.377611],[116.348513,4.391382],[116.27177700000016,4.363134],[116.259405,4.363918],[116.25143900000012,4.379833],[116.2052,4.378258],[116.179363,4.382907],[116.17105500000014,4.393069],[116.162773,4.342334000000108],[116.13058300000012,4.331359],[116.119837,4.338853],[116.07901,4.276432],[116.039047,4.294902],[116.034957,4.329962000000137],[116.00975400000016,4.334535],[116.007112,4.347568],[115.97576400000014,4.358224],[115.929873,4.354244],[115.901053,4.394929000000104],[115.878395,4.391255],[115.871926,4.381725],[115.87296,4.35344],[115.862128,4.343374],[115.86953900000015,4.300458],[115.847367,4.291491000000121],[115.84417800000017,4.268893000000105],[115.824314,4.26231],[115.829175,4.240417],[115.801082,4.225911],[115.795876,4.243135],[115.765257,4.250215000000139],[115.755497,4.221433000000104],[115.735824,4.212401],[115.730658,4.193915],[115.704937,4.198469],[115.684806,4.163793000000112],[115.684461,4.135202],[115.6708807,4.116111],[115.6439867,4.1225621],[115.6478462,4.1458831],[115.62949079999999,4.167547300000024],[115.6421466,4.1931944],[115.6424159,4.2334762]]],[[[115.65013570000008,5.721697600000027],[115.63404949999995,5.727166700000055],[115.63456450000012,5.738781300000085],[115.65688049999994,5.7345112000001],[115.67044180000016,5.710256800000025],[115.65816530000006,5.705226800000048],[115.65013570000008,5.721697600000027]]],[[[116.02954380000017,6.023971099999983],[116.05053950000001,6.0316181],[116.0459727,6.013455900000054],[116.05656410000006,6.006926800000031],[116.06324800000016,6.017488400000104],[116.0597117000001,6.002059],[116.06619439999997,5.998747800000046],[116.0502884,6.004302100000075],[116.04084890000013,5.991682700000069],[116.03125020000004,6.013155700000084],[116.02426309999998,6.005709000000138],[116.02110190000008,6.012806500000124],[116.00887220000004,6.0120645],[116.00493240000003,6.024415],[116.014366,6.044052100000101],[116.01790910000011,6.029167100000052],[116.02745170000003,6.034335],[116.02954380000017,6.023971099999983]]],[[[116.06943220000005,6.068416],[116.08039840000004,6.077226200000098],[116.06773250000003,6.0585661],[116.06943220000005,6.068416]]],[[[115.6084313,6.199928899999975],[115.59252079999999,6.187382599999978],[115.5838692000001,6.203714800000057],[115.60433970000008,6.212278900000058],[115.6084313,6.199928899999975]]],[[[116.34403670000006,6.709190400000011],[116.33868989999996,6.71693010000007],[116.3484267,6.720306199999982],[116.36809640000001,6.707692400000099],[116.34403670000006,6.709190400000011]]],[[[117.28823579999994,6.840555],[117.26356490000012,6.81615870000013],[117.25819510000008,6.823169900000039],[117.27261460000011,6.833055699999989],[117.28823579999994,6.840555]]],[[[117.20940819999998,6.977526599999919],[117.20374340000012,6.971051699999975],[117.19653360000007,6.974630000000104],[117.20065340000008,6.981104800000082],[117.20940819999998,6.977526599999919]]],[[[117.28255650000006,7.0476010000001],[117.2622738,7.055449600000031],[117.27018220000014,7.074747399999978],[117.28972060000012,7.075486],[117.28785979999998,7.068376400000034],[117.29707080000003,7.068191800000079],[117.30190889999994,7.078902300000038],[117.3157718,7.072716099999923],[117.313911,7.066068100000052],[117.33149560000015,7.066529800000012],[117.32958830000007,7.052033199999983],[117.33945059999996,7.056834700000081],[117.34801030000006,7.049263100000132],[117.34698680000008,7.038182500000062],[117.33368210000003,7.031626400000107],[117.314888,7.03716680000008],[117.32270330000006,7.02433150000013],[117.3049327,7.0142661000001],[117.28061815104229,7.03135],[117.27874190000011,7.043168799999989],[117.27381070000001,7.039198300000123],[117.26376240000013,7.047139300000083],[117.26729790000002,7.052310199999965],[117.28255650000006,7.0476010000001]]],[[[117.0588669,7.085624700000039],[117.04675229999998,7.0798446],[117.03739670000004,7.0878672],[117.05399780000016,7.091029400000139],[117.0588669,7.085624700000039]]],[[[117.1298865,7.130603099999973],[117.13487480000003,7.13927410000008],[117.11697360000005,7.135869599999978],[117.14908860000003,7.156217],[117.14518250000015,7.140727700000127],[117.15104550000012,7.139722600000084],[117.14141340000015,7.125064900000041],[117.1298865,7.130603099999973]]],[[[117.16266510000014,7.148205],[117.17064949999997,7.170974500000057],[117.19616120000012,7.179566500000021],[117.2044919,7.174944],[117.19998880000014,7.161866799999984],[117.18270390000009,7.161196599999982],[117.16266510000014,7.148205]]],[[[117.32163380000009,7.237735],[117.30625380000004,7.2036991],[117.30537200000015,7.219421099999977],[117.29239040000004,7.227877200000137],[117.31845529999998,7.244008800000131],[117.32163380000009,7.237735]]],[[[117.05429930000003,7.209220700000117],[117.06947290000005,7.260746],[117.0611199,7.293268399999988],[117.07577050000009,7.305575900000122],[117.08677890000001,7.3032404],[117.09012980000011,7.31132910000008],[117.12353789999997,7.31580080000009],[117.15136400000017,7.351751200000081],[117.16597270000011,7.341917900000055],[117.18300520000014,7.358576299999925],[117.2037365,7.350963599999943],[117.23462319999999,7.3628175],[117.2644335,7.350168100000019],[117.27872610000009,7.35187030000003],[117.294976,7.325316100000066],[117.29277960000002,7.316462500000114],[117.27754760000005,7.309775199999933],[117.262254,7.276713500000028],[117.26496559999998,7.263632700000016],[117.27765520000014,7.2634653],[117.26093790000016,7.255811700000038],[117.261379,7.245387300000118],[117.28041130000008,7.248971500000039],[117.2758652,7.2359133],[117.28314230000012,7.2331031],[117.25436960000013,7.197833300000127],[117.25781270000004,7.187841300000116],[117.2412213,7.186177400000076],[117.24662190000015,7.224712599999918],[117.22121749999997,7.185133900000096],[117.17118170000015,7.185150099999987],[117.10461750000002,7.142062200000055],[117.08905760000005,7.139452800000129],[117.09181530000012,7.118214800000089],[117.07543639999994,7.100287800000046],[117.07787929999995,7.118890600000043],[117.05865849999998,7.128382400000078],[117.075152,7.177242499999977],[117.06052820000014,7.175540900000044],[117.06276060000005,7.182759900000121],[117.05388159999995,7.187332500000082],[117.06676160000018,7.20719459999998],[117.05429930000003,7.209220700000117]]],[[[116.98383830000012,7.319806600000049],[116.9965413000001,7.352836299999979],[117.01061749999997,7.353857799999957],[117.02366380000012,7.318785],[117.015424,7.274514500000123],[116.99551129999998,7.285752800000068],[116.99757120000004,7.302099],[116.9821217,7.306866499999956],[116.96873210000001,7.292563799999982],[116.96735880000006,7.270768399999952],[116.97697190000008,7.267703300000051],[116.98658490000014,7.242160200000114],[116.95396919999996,7.247609500000124],[116.93714639999996,7.2302396],[116.90638690000014,7.238062200000115],[116.91858460000003,7.242920599999934],[116.89718710000011,7.248554399999989],[116.90075130000014,7.232338400000117],[116.89628290000007,7.224860799999931],[116.87836730000004,7.23648970000005],[116.8623695,7.2143911],[116.8749249,7.213211500000114],[116.8852468,7.223288100000048],[116.8955142000001,7.210884],[116.87815620000003,7.204955],[116.88529070000004,7.20484040000008],[116.88948930000004,7.200729300000091],[116.877461,7.2027721],[116.87453219999998,7.211612600000137],[116.86022750000006,7.208805400000074],[116.85612360000016,7.20109680000013],[116.87656000000015,7.204761800000142],[116.86047989999997,7.192685],[116.8536,7.197945599999969],[116.88743820000013,7.288956300000109],[116.9003537000001,7.288135600000032],[116.910229,7.301056200000119],[116.93142160000014,7.291047500000104],[116.98383830000012,7.319806600000049]]],[[[117.29102830000011,7.285488900000075],[117.28617880000013,7.29253250000005],[117.29289879999999,7.305176400000107],[117.29920320000008,7.300572400000021],[117.29102830000011,7.285488900000075]]],[[[117.64412720000007,4.189401400000122],[117.63554410000006,4.1844365],[117.62919269999998,4.201556700000083],[117.63897740000016,4.196591899999987],[117.64412720000007,4.189401400000122]]],[[[117.7531322000001,4.257708199999968],[117.77939910000009,4.241242800000123],[117.783519,4.219672400000093],[117.82712090000007,4.194335],[117.88342590000013,4.18509],[117.89976747764376,4.166088442164778],[117.68398014213346,4.165530000000103],[117.62799370000016,4.2052918],[117.6259311,4.216450899999984],[117.68052209999996,4.2645245],[117.7531322000001,4.257708199999968]]],[[[118.00297839999996,5.766042800000093],[118.0164575,5.773912399999972],[118.01540430000011,5.754453400000045],[118.00148460000014,5.741677100000061],[117.97407810000004,5.741671500000109],[117.9522561,5.7721818],[117.9236112000001,5.777598900000044],[117.9155879,5.786848],[117.9199734,5.79709860000014],[117.94093490000012,5.788811500000122],[117.9811178,5.79255720000009],[117.99709150000012,5.774961100000098],[118.01082169999995,5.775735199999986],[118.00297839999996,5.766042800000093]]],[[[118.12211400000012,5.780367699999942],[118.12083110000015,5.774594799999988],[118.09444080000014,5.766347800000062],[118.093,5.78167],[118.12211400000012,5.780367699999942]]],[[[118.09969679999995,5.908704800000066],[118.10094279999998,5.902430900000013],[118.08775560000015,5.9039416],[118.09969679999995,5.908704800000066]]],[[[117.63630790000002,5.920364400000096],[117.64215580000007,5.929290400000014],[117.65080630000011,5.931970800000101],[117.65280060000009,5.920605599999931],[117.63630790000002,5.920364400000096]]],[[[117.69950140000003,5.956855500000074],[117.69417990000011,5.947123500000089],[117.6849102000001,5.943025799999987],[117.68628350000006,5.956514],[117.69950140000003,5.956855500000074]]],[[[117.7154018,5.982373100000018],[117.68501779999997,5.956934200000035],[117.67849460000002,5.94173870000003],[117.66321679999999,5.941567900000109],[117.68810770000016,5.967178199999921],[117.69085430000007,6.009859399999982],[117.698064,6.019248800000071],[117.710252,6.016858800000023],[117.7154018,5.982373100000018]]],[[[117.70475880000015,6.034954299999981],[117.72432819999995,6.03307650000005],[117.71746180000014,6.013956600000085],[117.69823569999994,6.023687299999949],[117.70475880000015,6.034954299999981]]],[[[118.00977850000004,6.113250200000039],[118.02344889999995,6.122833899999989],[118.03239460000009,6.119451500000082],[118.01859809999996,6.108740200000057],[118.00977850000004,6.113250200000039]]],[[[117.64491309999994,6.205387800000096],[117.6385616,6.216992300000129],[117.65195119999998,6.233203899999978],[117.65727270000002,6.227401900000075],[117.64491309999994,6.205387800000096]]],[[[117.72404900000015,6.225354100000118],[117.72748220000005,6.251462800000127],[117.7240703,6.2716764],[117.73040050000009,6.253169200000116],[117.72404900000015,6.225354100000118]]],[[[117.43229440000005,6.6699918],[117.42294330000016,6.684261],[117.42979750000006,6.687494500000071],[117.43737050000016,6.677558300000044],[117.43112280000014,6.68954309999998],[117.44544489999998,6.697041100000035],[117.44745860000012,6.691176500000097],[117.4533669,6.689310900000123],[117.45036870000001,6.697769600000072],[117.444006,6.698279099999979],[117.43554989999996,6.69354519999996],[117.42532730000005,6.705217699999935],[117.39445050000006,6.713361500000019],[117.3903626,6.741646800000012],[117.41609429999994,6.754098399999975],[117.44713879999995,6.7462625],[117.47177220000015,6.757595300000105],[117.48155150000014,6.7293302],[117.51022809999995,6.6948569],[117.5129746,6.6730336],[117.48144809999997,6.642385300000058],[117.47093070000017,6.651341699999989],[117.475234,6.654985900000099],[117.47042669999996,6.651819900000135],[117.4698452,6.640085900000031],[117.39920240000015,6.618990900000085],[117.38680290000002,6.628056300000026],[117.39780020000012,6.629232300000126],[117.3983042000001,6.631222400000127],[117.34522190000007,6.637053499999979],[117.3252715000001,6.65830440000002],[117.3308326,6.672604099999944],[117.35471210000014,6.682246900000052],[117.41570439999998,6.670011800000054],[117.41260160000013,6.675722300000018],[117.42309130000012,6.680343100000073],[117.4258999,6.672447200000136],[117.43229440000005,6.6699918]]],[[[117.34331710000004,7.198722799999985],[117.32580570000005,7.197775300000103],[117.3215398000001,7.2023254],[117.32813769999996,7.205037400000037],[117.34331710000004,7.198722799999985]]],[[[117.33540740000012,7.231927900000073],[117.33851630000015,7.228104900000119],[117.33329440000011,7.220519],[117.32078969999998,7.220828300000051],[117.32032330000015,7.229641500000071],[117.33540740000012,7.231927900000073]]],[[[117.34623350000004,7.268447900000012],[117.34125530000017,7.260444600000028],[117.3355904,7.265212500000018],[117.33593380000002,7.271513000000141],[117.34623350000004,7.268447900000012]]],[[[118.64797939999994,4.383312400000136],[118.66345520000004,4.391534],[118.66500010000016,4.388453100000049],[118.64797939999994,4.383312400000136]]],[[[118.75151750000009,4.461362900000097],[118.73435130000007,4.438600800000074],[118.68422620000001,4.440825700000119],[118.67242940000006,4.425797400000135],[118.64422909999996,4.415324500000111],[118.65092390000007,4.454174900000112],[118.62689130000001,4.484466600000019],[118.68594280000013,4.4909697],[118.68783110000004,4.475738600000113],[118.73520960000008,4.472315900000069],[118.75151750000009,4.461362900000097]]],[[[118.57624850000002,4.5490132],[118.56303060000005,4.54986880000007],[118.55891339999994,4.539399100000139],[118.52663830000006,4.531216400000062],[118.52183449999995,4.541281500000139],[118.56732210000007,4.564413900000091],[118.57453190000012,4.561847100000136],[118.5741885,4.574851900000056],[118.5826,4.577589800000112],[118.57624850000002,4.5490132]]],[[[118.61127009999996,4.566093799999976],[118.61024010000006,4.554286700000034],[118.59564890000013,4.552404400000114],[118.60388869999997,4.564724900000044],[118.61127009999996,4.566093799999976]]],[[[118.43291390000002,4.663965800000085],[118.42553250000014,4.683470100000022],[118.43892210000013,4.684325500000114],[118.43823539999994,4.690142500000036],[118.41677779999998,4.688089400000138],[118.40750810000009,4.692195500000082],[118.40991130000009,4.700578700000051],[118.4042465,4.692879900000037],[118.38948359999995,4.6990389],[118.41231460000006,4.711528],[118.421241,4.698354600000073],[118.46415630000001,4.699381100000096],[118.46724620000009,4.683127899999988],[118.49230880000005,4.674744499999974],[118.484584,4.66738760000004],[118.49591370000007,4.658490800000038],[118.49763029999997,4.641038900000069],[118.50346679999996,4.641038900000069],[118.50775830000009,4.6613994],[118.516513,4.661570499999925],[118.52028960000007,4.648738300000105],[118.53299250000009,4.645487500000058],[118.54758370000013,4.655582200000083],[118.58311760000015,4.636419300000114],[118.58637920000001,4.6249555],[118.57899780000014,4.617769100000089],[118.5661232,4.619651300000044],[118.55290520000005,4.58662750000002],[118.53797069999996,4.619480200000112],[118.52749940000012,4.605449500000077],[118.53367920000005,4.597065199999975],[118.51479640000014,4.5953541],[118.47874750000005,4.617084700000134],[118.4681045000001,4.605791800000134],[118.4447586,4.6121227000001],[118.44630350000011,4.624442199999976],[118.32373729999995,4.654726699999969],[118.32820049999998,4.663794699999926],[118.35326310000016,4.66738760000004],[118.37575070000003,4.660886099999971],[118.4025299000001,4.664821199999949],[118.4033882,4.65934620000013],[118.43291390000002,4.663965800000085]]],[[[118.4607231,4.704684699999973],[118.44784850000008,4.707422000000122],[118.45334160000016,4.721279500000094],[118.46020810000005,4.726583000000119],[118.47806089999995,4.719226600000013],[118.4607231,4.704684699999973]]],[[[118.38197120000007,4.7772506],[118.386222,4.774312],[118.39188690000003,4.757889499999976],[118.38004540000009,4.763724400000115],[118.38197120000007,4.7772506]]],[[[118.38313210000001,4.790734100000066],[118.37300410000012,4.784575799999971],[118.35944289999998,4.807155800000089],[118.39926830000002,4.799800300000072],[118.41763609999998,4.784404800000061],[118.39343180000014,4.7893656],[118.3798706,4.780641400000093],[118.38313210000001,4.790734100000066]]],[[[118.31441020000011,4.798042200000054],[118.30177810000009,4.798294399999975],[118.30966110000008,4.798260800000037],[118.309587,4.810037100000102],[118.3270652,4.799578199999985],[118.31441020000011,4.798042200000054]]],[[[118.34672080000007,4.990920599999924],[118.34001130000001,4.990292],[118.34517140000014,4.975710399999969],[118.35194320000016,4.986410399999954],[118.36167049999995,4.975536],[118.38589200000013,4.979381499999988],[118.31376590000002,4.948577600000135],[118.30374040000015,4.952784500000064],[118.31143780000002,4.9671295],[118.3359607000001,4.966866799999934],[118.32457650000015,4.97653889999998],[118.331595,4.98145640000007],[118.32274929999994,4.982738900000129],[118.33364659999995,4.9913229],[118.34672080000007,4.990920599999924]]],[[[119.1019887,5.447867200000076],[119.11452,5.461196199999961],[119.13941090000003,5.461879700000054],[119.14936890000001,5.454685400000017],[119.108013,5.438269199999979],[119.1019887,5.447867200000076]]],[[[118.23004890000004,5.83735820000004],[118.21640909999996,5.821357600000056],[118.20639340000014,5.819230400000095],[118.20363630000008,5.825499900000125],[118.17627420000008,5.811633099999938],[118.15261730000009,5.821271900000056],[118.170792,5.849455299999988],[118.20201440000017,5.85004379999998],[118.23004890000004,5.83735820000004]]],[[[118.1427311000001,5.882751699999972],[118.13981280000007,5.888557500000047],[118.14702260000013,5.882239500000082],[118.1509708000001,5.8653342],[118.14393270000005,5.8547468000001],[118.1427311000001,5.882751699999972]]],[[[118.10977209999999,5.9269761],[118.11560860000009,5.918438900000069],[118.1039356,5.91348720000002],[118.1022190000001,5.921512300000018],[118.10977209999999,5.9269761]]]]}},{"type":"Feature","properties":{"country_code":"MY","admin1":"Sarawak"},"geometry":{"type":"MultiPolygon","coordinates":[[[[110.2892591,1.6788454],[110.300954,1.6717054],[110.2974526,1.6634805],[110.2892591,1.6713029],[110.2892591,1.6788454]]],[[[111.3014385,2.4351009],[111.3107941,2.5130911],[111.2799551,2.6707122],[111.2885897,2.7458416],[111.3142702,2.7917246],[111.3309386,2.8019434],[111.3481562,2.793302],[111.364155,2.7530174],[111.3850634,2.7324502],[111.3888571,2.7183899],[111.3795445,2.6984823],[111.3846943,2.6158304],[111.3782055,2.4890471],[111.3972391,2.4569303],[111.4066805,2.401705],[111.422645,2.3823242],[111.412615,2.3684519],[111.380588,2.3716903],[111.3622202,2.3471636],[111.345569,2.3701467],[111.3398392,2.4042894],[111.3014385,2.4351009]]],[[[111.4051392,2.7659371],[111.3956978,2.7203275],[111.3833382,2.7529059],[111.4051392,2.7659371]]],[[[115.5160403,4.9595495],[115.59309069999995,4.990089100000091],[115.6207048,4.965403],[115.62161479999997,4.92391960000009],[115.633014,4.9106397],[115.6409575,4.8587246],[115.6520875,4.8506307],[115.6531197,4.7780494],[115.6332833,4.7682551],[115.6017335,4.6774158],[115.5652919,4.6456125],[115.5454555,4.592917],[115.5706774,4.5664336],[115.5634519,4.5511784],[115.5809097,4.5176694],[115.5784863,4.4987891],[115.5604001,4.4881408],[115.55986159999998,4.480311],[115.591187,4.4314963],[115.5871415,4.36577],[115.6082447,4.3602642],[115.6127684,4.3415433],[115.6310167,4.3505946],[115.6593352,4.3359613],[115.6715422,4.2985044],[115.6570913,4.2620302],[115.63658169999997,4.239518300000043],[115.6424159,4.2334762],[115.6421466,4.1931944],[115.6298947,4.1784687],[115.63056789999996,4.164369299999976],[115.6387359,4.164056],[115.6478462,4.1458831],[115.6439867,4.1225621],[115.6585391,4.1240788],[115.677916,4.106497],[115.674969,4.080509],[115.653076,4.035767],[115.650041,3.988752],[115.641812,3.965616],[115.616238,3.937828],[115.581012,3.94153],[115.568574,3.920484],[115.558352,3.919186],[115.583608,3.884688],[115.596267,3.89029],[115.602376,3.876142],[115.616967,3.875858],[115.619562,3.868863],[115.614023,3.824205],[115.591299,3.780972],[115.5894,3.75597],[115.57943,3.746949],[115.576328,3.719667],[115.585253,3.705014],[115.573955,3.679979],[115.57886,3.665832],[115.573638,3.647949],[115.583291,3.6332],[115.576107,3.610793],[115.590634,3.578637],[115.605984,3.576073],[115.61472,3.544329],[115.610953,3.512553],[115.634625,3.454827],[115.65222,3.439953],[115.618518,3.409477],[115.603961,3.447643],[115.579626,3.450207],[115.572886,3.419383],[115.550608,3.394635],[115.538171,3.363336],[115.541114,3.329949],[115.524817,3.320044],[115.522475,3.299378],[115.529468,3.284568],[115.516172,3.259402],[115.532556,3.239775],[115.519853,3.203565],[115.524806,3.187969],[115.564231,3.171086],[115.567383,3.162243],[115.554487,3.142658],[115.539309,3.143752],[115.529244,3.117672],[115.51667,3.108796],[115.519564,3.057923],[115.509981,3.04268],[115.483647,3.014589],[115.453258,3.028477],[115.439213,3.015225],[115.429102,3.017161],[115.406385,2.98232],[115.335026,2.973734],[115.327694,2.979844],[115.322764,3.01188],[115.285465,3.049621],[115.275911,3.019899],[115.255484,2.994893],[115.249122,2.966703],[115.228659,2.955686],[115.209404,2.955745],[115.187222,2.931132],[115.168976,2.929016],[115.151546,2.913823],[115.151115,2.872227],[115.113873,2.833274],[115.089701,2.823242],[115.124099,2.800124],[115.142343,2.802575],[115.152945,2.786702],[115.137544,2.772024],[115.141147,2.74432],[115.100693,2.716922],[115.092075,2.698431],[115.111851,2.68515],[115.106738,2.67383],[115.117157,2.647171],[115.087733,2.620256],[115.086801,2.604176],[115.102172,2.597938],[115.10989,2.581023],[115.128895,2.582695],[115.146035,2.60437],[115.171601,2.606299],[115.186007,2.579158],[115.20765,2.563208],[115.212184,2.539089],[115.232797,2.536034],[115.237426,2.505989],[115.194706,2.471333],[115.180299,2.481848],[115.135471,2.476028],[115.099455,2.442873],[115.09074,2.405602],[115.04633,2.4075],[115.048163,2.389266],[115.033885,2.394186],[115.022083,2.368299],[115.002917,2.364601],[114.993688,2.351031],[114.970229,2.369939],[114.958234,2.36846],[114.946271,2.319098],[114.966466,2.295237],[114.954729,2.282985],[114.934984,2.283403],[114.914757,2.259317],[114.905238,2.257226],[114.89238,2.271265],[114.88437,2.262402],[114.863978,2.27199],[114.830207,2.254166],[114.816035,2.266434],[114.799825,2.250538],[114.803442,2.239937],[114.790965,2.225401],[114.790258,2.204017],[114.779485,2.199211],[114.780241,2.144541],[114.810469,2.100404],[114.793489,2.085579],[114.807896,2.064066],[114.792396,2.060175],[114.793103,2.05027],[114.808797,2.022807],[114.856358,2.045704],[114.878745,2.03859],[114.880525,2.01763],[114.870331,2.013836],[114.867919,1.989363],[114.848303,1.97158],[114.847595,1.952575],[114.878692,1.915208],[114.854509,1.896588],[114.816434,1.893051],[114.79193,1.850281],[114.766461,1.851278],[114.743725,1.869543],[114.716295,1.856295],[114.726135,1.832595],[114.691855,1.808154],[114.706969,1.803202],[114.714011,1.785323],[114.713272,1.770112],[114.704525,1.762137],[114.718224,1.728146],[114.711149,1.671484],[114.648779,1.589578],[114.614209,1.574207],[114.616686,1.556777],[114.604145,1.531051],[114.61228,1.521822],[114.611,1.500762],[114.591783,1.475117],[114.585832,1.446654],[114.572863,1.441259],[114.566897,1.427737],[114.536987,1.435199],[114.496207,1.477476],[114.474597,1.474582],[114.409349,1.520857],[114.38716,1.515937],[114.382529,1.492429],[114.309724,1.470401],[114.301106,1.456316],[114.24007,1.447183],[114.223476,1.416183],[114.2128,1.41017],[114.161348,1.440944],[114.14305,1.464838],[114.105779,1.455319],[114.09774,1.466349],[114.079378,1.46516],[113.998801,1.443511],[113.975734,1.450053],[113.945346,1.436311],[113.937169,1.415637],[113.908586,1.412903],[113.876806,1.388446],[113.851689,1.387616],[113.85064,1.380391],[113.814832,1.363842],[113.831015,1.347243],[113.824498,1.318539],[113.810023,1.298865],[113.75547,1.273016],[113.702905,1.262716],[113.689432,1.239601],[113.666317,1.226567],[113.664608,1.214801],[113.654186,1.22066],[113.630021,1.216023],[113.617304,1.226933],[113.626677,1.238307],[113.624895,1.249511],[113.595629,1.260226],[113.581862,1.306261],[113.558845,1.307213],[113.544468,1.319808],[113.498189,1.317099],[113.485741,1.30653],[113.463846,1.303332],[113.451056,1.285513],[113.419081,1.28549],[113.394916,1.318978],[113.365918,1.325617],[113.355349,1.358886],[113.332478,1.366526],[113.325766,1.376949],[113.305726,1.373361],[113.266941,1.391911],[113.250868,1.385028],[113.232756,1.397501],[113.218794,1.384418],[113.181474,1.379463],[113.141321,1.393376],[113.124503,1.42767],[113.106343,1.445],[113.093968,1.441388],[113.088183,1.428012],[113.043857,1.422789],[113.018862,1.404214],[112.974682,1.408681],[112.974072,1.436385],[112.982078,1.449565],[113.040317,1.473583],[113.031726,1.492817],[113.049691,1.499652],[113.045883,1.515151],[113.07078,1.529479],[113.058502,1.558477],[113.005876,1.568753],[113.002996,1.581031],[112.989889,1.579737],[112.984666,1.564847],[112.975146,1.563456],[112.956449,1.575001],[112.93309,1.567532],[112.915418,1.582422],[112.884834,1.587597],[112.842289,1.536973],[112.831159,1.545247],[112.825643,1.538535],[112.800867,1.541171],[112.796693,1.553327],[112.775873,1.561504],[112.749353,1.55506],[112.728117,1.564579],[112.677372,1.552326],[112.66031,1.568558],[112.63014,1.5637],[112.500396,1.580127],[112.446843,1.550251],[112.443865,1.53463],[112.430465,1.52284],[112.403054,1.517177],[112.394852,1.523255],[112.385968,1.510416],[112.374007,1.512345],[112.3516,1.500336],[112.318599,1.504802],[112.276421,1.466334],[112.207967,1.450102],[112.194981,1.410877],[112.217998,1.395182],[112.226444,1.399063],[112.226127,1.384027],[112.198887,1.322224],[112.177236,1.311436],[112.169962,1.283512],[112.174136,1.259714],[112.158417,1.249536],[112.168339,1.219024],[112.141734,1.185633],[112.155683,1.170475],[112.153926,1.141844],[112.029453,1.127394],[112.015931,1.132666],[111.991934,1.123384],[111.955961,1.123567],[111.948611,1.115532],[111.935099,1.118363],[111.927977,1.087913],[111.911999,1.087913],[111.908347,1.070612],[111.880363,1.065864],[111.880135,1.05121],[111.870457,1.042126],[111.874474,1.028978],[111.863701,1.01962],[111.869316,1.018433],[111.866257,1.00912],[111.825993,0.985382],[111.816497,0.983738],[111.811658,0.995744],[111.799516,1.000218],[111.790614,0.994146],[111.775549,0.999122],[111.761899,1.021217],[111.748021,1.008664],[111.716339,1.007522],[111.709218,1.016104],[111.713783,1.025919],[111.689999,1.025965],[111.666717,1.04281],[111.638778,1.031215],[111.639509,1.022039],[111.595319,1.008344],[111.576784,0.974471],[111.560122,0.985518],[111.548115,0.978351],[111.552041,0.957032],[111.540036,0.94877],[111.522962,0.957352],[111.513604,1.007157],[111.48916,1.034425],[111.463503,1.036443],[111.443496,1.015629],[111.405038,1.009402],[111.272254,1.068096],[111.254495,1.063542],[111.224859,1.092659],[111.197587,1.064753],[111.142006,1.052356],[111.079447,1.051261],[110.99749,1.027052],[110.905498,1.02835],[110.890616,1.007558],[110.88779,0.980864],[110.861997,0.965692],[110.859907,0.950351],[110.808793,0.949542],[110.802993,0.93882],[110.814018,0.921389],[110.804848,0.900484],[110.768873,0.932043],[110.760208,0.920714],[110.76422,0.907936],[110.755319,0.900012],[110.722513,0.907969],[110.696787,0.883087],[110.66769,0.875973],[110.649213,0.892932],[110.651709,0.905711],[110.633232,0.90888],[110.636502,0.888988],[110.628208,0.872061],[110.601842,0.868892],[110.596919,0.858339],[110.575779,0.853821],[110.545367,0.868589],[110.490642,0.876374],[110.479021,0.892029],[110.467533,0.892515],[110.463189,0.904466],[110.44599,0.90795],[110.433068,0.925766],[110.438581,0.944024],[110.405528,0.95269],[110.410247,0.964905],[110.395363,0.996504],[110.378913,0.996261],[110.359112,0.98334],[110.343236,0.993042],[110.338983,1.012883],[110.338357,1.003742],[110.331415,1.005861],[110.324291,0.993429],[110.307843,1.004145],[110.300961,0.995749],[110.277732,0.995608],[110.283292,1.017895],[110.276559,1.031284],[110.286464,1.044174],[110.262579,1.056443],[110.26768,1.066223],[110.248414,1.086189],[110.248678,1.107866],[110.241385,1.117429],[110.209244,1.118425],[110.205621,1.132994],[110.212602,1.150161],[110.192202,1.183033],[110.155489,1.199143],[110.097068,1.197666],[110.085826,1.216854],[110.063714,1.208644],[110.058194,1.220757],[110.069001,1.228532],[110.064896,1.264529],[110.057976,1.269941],[110.046376,1.265276],[110.04636,1.272382],[110.015199,1.292131],[109.979388,1.29832],[109.961987,1.371978],[109.970898,1.38616],[109.962019,1.403389],[109.946314,1.407245],[109.930779,1.424988],[109.89388,1.414522],[109.835739,1.422531],[109.82927,1.456413],[109.839284,1.486129],[109.82784,1.482055],[109.816084,1.463644],[109.806848,1.465806],[109.798108,1.476675],[109.798879,1.499455],[109.782489,1.503778],[109.706726,1.587205],[109.69767,1.588447],[109.689426,1.610458],[109.662244,1.618805],[109.658299,1.637493],[109.66746,1.652458],[109.660624,1.693052],[109.669733,1.699206],[109.667653,1.733193],[109.68538,1.782389],[109.636342,1.80543],[109.586062,1.791916],[109.579226,1.804433],[109.586289,1.812388],[109.58239,1.835081],[109.553422,1.853472],[109.557775,1.871462],[109.548003,1.880571],[109.538003,1.926707],[109.564366,1.936602],[109.564715,1.95134],[109.551883,1.956217],[109.560275,1.971165],[109.576359,1.977843],[109.600188,1.973718],[109.627076,1.990885],[109.637985,2.027511],[109.630502,2.047476],[109.645008,2.0814049],[109.6452381,2.0510962],[109.6577704,2.0395959],[109.646135,2.0108454],[109.6665251,1.9848697],[109.6500155,1.9819608],[109.6464107,1.9509084],[109.6534789,1.9358033],[109.6474406,1.9316934],[109.6531355,1.9085245],[109.6848929,1.8755835],[109.6811163,1.861],[109.7044623,1.844186],[109.7753584,1.8179352],[109.7948119,1.7913485],[109.7862288,1.7832844],[109.7968719,1.7894612],[109.7884047,1.8081554],[109.8532927,1.7855072],[109.8519194,1.7714378],[109.8809302,1.7544514],[109.8761237,1.7297435],[109.8898566,1.7206496],[109.9988616,1.6961129],[110.0836623,1.7012605],[110.1334903,1.6947351],[110.1962721,1.7064081],[110.2054398,1.6781026],[110.2430423,1.66677],[110.2393735,1.6550149],[110.2254743,1.6505316],[110.2346555,1.6236709],[110.2355539,1.650165],[110.2535962,1.6437368],[110.2514352,1.6331768],[110.2569116,1.6280109],[110.2568127,1.6438122],[110.2469121,1.6524026],[110.2481685,1.6685785],[110.2090966,1.6828601],[110.2078883,1.6926641],[110.232321,1.7064081],[110.2867377,1.7074376],[110.2885361,1.6970702],[110.2776812,1.6831219],[110.2932628,1.6620227],[110.3032227,1.6561932],[110.2880037,1.6316021],[110.2997716,1.6049283],[110.3024327,1.6205387],[110.3129112,1.6181236],[110.3098654,1.5999884],[110.3162985,1.6117885],[110.3148279,1.6020232],[110.3180316,1.593799],[110.3184685,1.6106081],[110.3297257,1.6080531],[110.3318167,1.6089256],[110.3314948,1.6028868],[110.335197,1.6156157],[110.3288153,1.6089106],[110.3181543,1.6118935],[110.3171512,1.6205462],[110.3278101,1.619057],[110.3366677,1.6236128],[110.318766,1.6219698],[110.3171545,1.6215046],[110.3153337,1.6185296],[110.2933517,1.6294737],[110.296792,1.6404199],[110.3156211,1.6265694],[110.3223367,1.6269997],[110.3310479,1.6377675],[110.315601,1.627916],[110.2990679,1.6413299],[110.307969,1.6567727],[110.2944217,1.6857859],[110.3181847,1.7079491],[110.3138616,1.7310297],[110.3025928,1.7388855],[110.3208155,1.7597884],[110.3165127,1.7679605],[110.3357189,1.8061312],[110.3466387,1.7968936],[110.3372107,1.7830211],[110.3546735,1.7583155],[110.3534631,1.7173494],[110.3716931,1.7048681],[110.3769144,1.6899973],[110.4065573,1.6909654],[110.4216512,1.6786626],[110.4390013,1.7012605],[110.4432466,1.7272763],[110.4606307,1.7386658],[110.4736769,1.7276845],[110.4904997,1.7302583],[110.5044043,1.7489608],[110.5138457,1.7412396],[110.526377,1.7235665],[110.5006278,1.710183],[110.4894698,1.6696885],[110.4788268,1.65905],[110.5118454,1.6285901],[110.5336464,1.5803722],[110.5657471,1.5966738],[110.6213654,1.594443],[110.6685722,1.5628693],[110.7297957,1.546141],[110.7430136,1.5118209],[110.7649863,1.5107913],[110.7704794,1.567076],[110.7867873,1.5770286],[110.8091033,1.574283],[110.8824027,1.5334426],[110.9408043,1.5211251],[111.002394,1.4773287],[111.0211051,1.4423212],[111.0497725,1.4119466],[111.07844,1.3973597],[111.1017859,1.3951288],[111.1138022,1.424474],[111.0640204,1.4471262],[111.0368979,1.5068445],[111.0195601,1.5200578],[110.9955275,1.5243478],[110.9943259,1.5729103],[111.0166419,1.6501273],[111.034838,1.6739782],[111.0998976,1.6837587],[111.139718,1.67791],[111.1434996,1.6978288],[111.118952,1.7062365],[111.109339,1.7321457],[111.0855971,1.7572691],[111.1041892,1.7819041],[111.1062441,1.8307885],[111.1642706,1.9436952],[111.1716521,1.9888155],[111.2099326,2.0943203],[111.2178943,2.0862766],[111.2494096,2.1332461],[111.238085,2.1502435],[111.1802352,2.1370348],[111.1589441,2.157948],[111.1661589,2.1843797],[111.1913931,2.195358],[111.2075278,2.2142337],[111.1905348,2.2334383],[111.1879599,2.2505913],[111.1867823,2.3694606],[111.205665,2.4058212],[111.2511553,2.4377217],[111.25991,2.4171409],[111.3278879,2.3910713],[111.3096918,2.3593412],[111.3299479,2.3686031],[111.359302,2.3361864],[111.3761248,2.3404744],[111.3893427,2.3644867],[111.4166369,2.3598558],[111.4396395,2.3766642],[111.4590372,2.3608849],[111.4717402,2.3728909],[111.4190401,2.4099375],[111.4118303,2.4579593],[111.3920893,2.4869431],[111.4372362,2.4823126],[111.444446,2.499291],[111.3968958,2.5341046],[111.4345216,2.701753],[111.4679636,2.7131312],[111.4934015,2.7454772],[111.5939951,2.7902285],[111.6387427,2.8492651],[111.683774,2.813718],[111.7235434,2.8017727],[111.7280626,2.8111462],[111.6777658,2.8354925],[111.8406991,2.8728748],[111.973195,2.8852123],[112.096329,2.9098421],[112.2846938,2.9661969],[112.5648038,3.0205015],[112.5835533,3.0142249],[112.6073122,3.03093],[112.7841673,3.0856237],[112.8159161,3.0705479],[112.8198128,3.0592344],[112.8223104,3.0661425],[112.8016328,3.0837265],[112.9236679,3.1129979],[113.0080458,3.1604184],[113.0326251,3.1796539],[113.0311828,3.1897955],[113.0459111,3.2003692],[113.0437066,3.2094514],[113.0672991,3.2307382],[113.0547678,3.2430781],[113.0739939,3.2411929],[113.0774271,3.2487339],[113.0672991,3.2571317],[113.0769121,3.256789],[113.0769121,3.2633015],[113.0556261,3.2663864],[113.0642092,3.2802683],[113.1279373,3.3209696],[113.157078,3.3495035],[113.1714975,3.391145],[113.1896936,3.4132503],[113.3059615,3.5145326],[113.2940637,3.5362766],[113.2971536,3.5458713],[113.3730859,3.6227155],[113.3714208,3.6337612],[113.4181856,3.7024692],[113.4266914,3.7255434],[113.4231574,3.7392023],[113.4332639,3.7557771],[113.5545105,3.8374435],[113.6839067,3.9449872],[113.7676464,4.0346119],[113.8174114,4.1206497],[113.9257776,4.2521597],[113.9654823,4.3259559],[113.972986,4.350507],[113.961115,4.3619017],[113.9751879,4.3804265],[113.9707575,4.3846097],[113.9783417,4.3825133],[113.971827,4.3866411],[113.9684622,4.3832153],[113.970327,4.3873527],[113.9787172,4.3922613],[113.9966427,4.439823],[113.9981876,4.4838062],[113.9689195,4.571243],[113.9767286,4.5886802],[113.9724049,4.5986028],[114.162633,4.573385],[114.199079,4.531405],[114.213346,4.536247],[114.260148,4.507013],[114.307962,4.415427],[114.314949,4.393222],[114.306565,4.366241],[114.332961,4.348711],[114.316447,4.263627],[114.324069,4.256921],[114.364565,4.255676],[114.372035,4.263958],[114.402445,4.263272],[114.422414,4.253058],[114.431306,4.272112],[114.450666,4.27793],[114.460224,4.219828],[114.495056,4.147168],[114.516689,4.14671],[114.544863,4.126005],[114.553755,4.082332],[114.567423,4.077937],[114.583938,4.049508],[114.614449,4.044554],[114.627305,4.030251],[114.610283,4.003752],[114.649205,4.006242],[114.718511,4.043715],[114.777897,4.119031],[114.793267,4.125509],[114.808841,4.157216],[114.793827,4.163593],[114.831961,4.220044],[114.856871,4.27823],[114.819689,4.251154],[114.814042,4.25711],[114.867739,4.332463],[114.880175,4.37068],[114.882836,4.425415],[114.846422,4.421054],[114.828498,4.431277],[114.818079,4.478847],[114.818215,4.584056],[114.799415,4.639288],[114.802287,4.675364],[114.789558,4.678311],[114.785519,4.691293],[114.775813,4.694419],[114.783054,4.716801],[114.770046,4.724727],[114.788974,4.737456],[114.828759,4.747389],[114.85085,4.7914],[114.896272,4.816056],[114.9158179,4.8089143],[114.93415,4.814967],[114.971328,4.808239],[114.988128,4.839039],[114.988478,4.872678],[115.0250193,4.8966082],[115.016462,4.8714058],[115.0291049,4.8731589],[115.020599,4.8198519],[115.02801664421409,4.806346007295061],[115.0182058,4.8010655],[115.0551819,4.7904468],[115.0330645,4.7719757],[115.0322363,4.7532736],[115.0220283,4.7481797],[115.0316244,4.7461124],[115.0251324,4.7347643],[115.0433837,4.7312347],[115.03305,4.7229187],[115.0423346,4.717248],[115.0325738,4.712396],[115.0390047,4.7052044],[115.0327217,4.7074205],[115.0290601,4.6991577],[115.0397147,4.6939386],[115.0334896,4.6940391],[115.046973,4.6676176],[115.0389465,4.666478],[115.0413109,4.653285],[115.0511797,4.6507144],[115.0390216,4.6325247],[115.0451633,4.6276459],[115.041124,4.6194577],[115.0713063,4.5762672],[115.066186,4.5723636],[115.0751123,4.5639442],[115.0690157,4.5552225],[115.0855394,4.5317628],[115.0788661,4.5068958],[115.0949164,4.4917292],[115.0913008,4.4787336],[115.0986125,4.4585498],[115.0919441,4.4348026],[115.1043061,4.4146059],[115.0906299,4.3853564],[115.1192134,4.3710646],[115.1554667,4.3830254],[115.1580822,4.3744656],[115.2180009,4.3585349],[115.2392972,4.3661364],[115.2458203,4.3411775],[115.2598423,4.335696],[115.2741038,4.3445122],[115.2813642,4.3369925],[115.295885,4.3380297],[115.2943292,4.3240275],[115.3225929,4.2962824],[115.3306312,4.2983568],[115.3560426,4.3235089],[115.3635623,4.3447715],[115.3495601,4.3517726],[115.3334835,4.3872968],[115.3018489,4.4007804],[115.2722887,4.4477137],[115.2800677,4.4733844],[115.2678807,4.5272884],[115.2892362,4.6038398],[115.2846366,4.6332447],[115.25901,4.6549287],[115.2657452,4.6810482],[115.2475108,4.7001039],[115.2557245,4.7277018],[115.2320691,4.7623634],[115.2348618,4.8034317],[115.1903437,4.8405575],[115.1836085,4.8668412],[115.149559,4.8719647],[115.1525018,4.8862181],[115.1598359,4.8872305],[115.1550391,4.9110148],[115.1937277,4.9285435],[115.1943358,4.9655422],[115.2228224,4.9660857],[115.2371685,4.9500143],[115.2331112,4.9396766],[115.2389068,4.9444252],[115.2466385,4.9148227],[115.29826234596642,4.908437277641505],[115.3235709,4.8893173],[115.347061,4.8934329],[115.3872006,4.9152961],[115.3969277,4.9319027],[115.3902905,4.9419762],[115.404195,4.9436865],[115.4198946,4.9764825],[115.447617,4.9794313],[115.4675266,4.9641624],[115.5160403,4.9595495]]]]}}]}